// Code generated by testdata/gen_tables.py from CPython 3.14.7 (Unicode 16.0.0); DO NOT EDIT.

package pyre

var tabDecimal = []rangeTab{
	{0x30, 0x39}, {0x660, 0x669}, {0x6f0, 0x6f9}, {0x7c0, 0x7c9}, {0x966, 0x96f}, {0x9e6, 0x9ef},
	{0xa66, 0xa6f}, {0xae6, 0xaef}, {0xb66, 0xb6f}, {0xbe6, 0xbef}, {0xc66, 0xc6f}, {0xce6, 0xcef},
	{0xd66, 0xd6f}, {0xde6, 0xdef}, {0xe50, 0xe59}, {0xed0, 0xed9}, {0xf20, 0xf29}, {0x1040, 0x1049},
	{0x1090, 0x1099}, {0x17e0, 0x17e9}, {0x1810, 0x1819}, {0x1946, 0x194f}, {0x19d0, 0x19d9}, {0x1a80, 0x1a89},
	{0x1a90, 0x1a99}, {0x1b50, 0x1b59}, {0x1bb0, 0x1bb9}, {0x1c40, 0x1c49}, {0x1c50, 0x1c59}, {0xa620, 0xa629},
	{0xa8d0, 0xa8d9}, {0xa900, 0xa909}, {0xa9d0, 0xa9d9}, {0xa9f0, 0xa9f9}, {0xaa50, 0xaa59}, {0xabf0, 0xabf9},
	{0xff10, 0xff19}, {0x104a0, 0x104a9}, {0x10d30, 0x10d39}, {0x10d40, 0x10d49}, {0x11066, 0x1106f}, {0x110f0, 0x110f9},
	{0x11136, 0x1113f}, {0x111d0, 0x111d9}, {0x112f0, 0x112f9}, {0x11450, 0x11459}, {0x114d0, 0x114d9}, {0x11650, 0x11659},
	{0x116c0, 0x116c9}, {0x116d0, 0x116e3}, {0x11730, 0x11739}, {0x118e0, 0x118e9}, {0x11950, 0x11959}, {0x11bf0, 0x11bf9},
	{0x11c50, 0x11c59}, {0x11d50, 0x11d59}, {0x11da0, 0x11da9}, {0x11f50, 0x11f59}, {0x16130, 0x16139}, {0x16a60, 0x16a69},
	{0x16ac0, 0x16ac9}, {0x16b50, 0x16b59}, {0x16d70, 0x16d79}, {0x1ccf0, 0x1ccf9}, {0x1d7ce, 0x1d7ff}, {0x1e140, 0x1e149},
	{0x1e2f0, 0x1e2f9}, {0x1e4f0, 0x1e4f9}, {0x1e5f1, 0x1e5fa}, {0x1e950, 0x1e959}, {0x1fbf0, 0x1fbf9},
}

var tabSpace = []rangeTab{
	{0x9, 0xd}, {0x1c, 0x20}, {0x85, 0x85}, {0xa0, 0xa0}, {0x1680, 0x1680}, {0x2000, 0x200a},
	{0x2028, 0x2029}, {0x202f, 0x202f}, {0x205f, 0x205f}, {0x3000, 0x3000},
}

var tabAlnum = []rangeTab{
	{0x30, 0x39}, {0x41, 0x5a}, {0x61, 0x7a}, {0xaa, 0xaa}, {0xb2, 0xb3}, {0xb5, 0xb5},
	{0xb9, 0xba}, {0xbc, 0xbe}, {0xc0, 0xd6}, {0xd8, 0xf6}, {0xf8, 0x2c1}, {0x2c6, 0x2d1},
	{0x2e0, 0x2e4}, {0x2ec, 0x2ec}, {0x2ee, 0x2ee}, {0x370, 0x374}, {0x376, 0x377}, {0x37a, 0x37d},
	{0x37f, 0x37f}, {0x386, 0x386}, {0x388, 0x38a}, {0x38c, 0x38c}, {0x38e, 0x3a1}, {0x3a3, 0x3f5},
	{0x3f7, 0x481}, {0x48a, 0x52f}, {0x531, 0x556}, {0x559, 0x559}, {0x560, 0x588}, {0x5d0, 0x5ea},
	{0x5ef, 0x5f2}, {0x620, 0x64a}, {0x660, 0x669}, {0x66e, 0x66f}, {0x671, 0x6d3}, {0x6d5, 0x6d5},
	{0x6e5, 0x6e6}, {0x6ee, 0x6fc}, {0x6ff, 0x6ff}, {0x710, 0x710}, {0x712, 0x72f}, {0x74d, 0x7a5},
	{0x7b1, 0x7b1}, {0x7c0, 0x7ea}, {0x7f4, 0x7f5}, {0x7fa, 0x7fa}, {0x800, 0x815}, {0x81a, 0x81a},
	{0x824, 0x824}, {0x828, 0x828}, {0x840, 0x858}, {0x860, 0x86a}, {0x870, 0x887}, {0x889, 0x88e},
	{0x8a0, 0x8c9}, {0x904, 0x939}, {0x93d, 0x93d}, {0x950, 0x950}, {0x958, 0x961}, {0x966, 0x96f},
	{0x971, 0x980}, {0x985, 0x98c}, {0x98f, 0x990}, {0x993, 0x9a8}, {0x9aa, 0x9b0}, {0x9b2, 0x9b2},
	{0x9b6, 0x9b9}, {0x9bd, 0x9bd}, {0x9ce, 0x9ce}, {0x9dc, 0x9dd}, {0x9df, 0x9e1}, {0x9e6, 0x9f1},
	{0x9f4, 0x9f9}, {0x9fc, 0x9fc}, {0xa05, 0xa0a}, {0xa0f, 0xa10}, {0xa13, 0xa28}, {0xa2a, 0xa30},
	{0xa32, 0xa33}, {0xa35, 0xa36}, {0xa38, 0xa39}, {0xa59, 0xa5c}, {0xa5e, 0xa5e}, {0xa66, 0xa6f},
	{0xa72, 0xa74}, {0xa85, 0xa8d}, {0xa8f, 0xa91}, {0xa93, 0xaa8}, {0xaaa, 0xab0}, {0xab2, 0xab3},
	{0xab5, 0xab9}, {0xabd, 0xabd}, {0xad0, 0xad0}, {0xae0, 0xae1}, {0xae6, 0xaef}, {0xaf9, 0xaf9},
	{0xb05, 0xb0c}, {0xb0f, 0xb10}, {0xb13, 0xb28}, {0xb2a, 0xb30}, {0xb32, 0xb33}, {0xb35, 0xb39},
	{0xb3d, 0xb3d}, {0xb5c, 0xb5d}, {0xb5f, 0xb61}, {0xb66, 0xb6f}, {0xb71, 0xb77}, {0xb83, 0xb83},
	{0xb85, 0xb8a}, {0xb8e, 0xb90}, {0xb92, 0xb95}, {0xb99, 0xb9a}, {0xb9c, 0xb9c}, {0xb9e, 0xb9f},
	{0xba3, 0xba4}, {0xba8, 0xbaa}, {0xbae, 0xbb9}, {0xbd0, 0xbd0}, {0xbe6, 0xbf2}, {0xc05, 0xc0c},
	{0xc0e, 0xc10}, {0xc12, 0xc28}, {0xc2a, 0xc39}, {0xc3d, 0xc3d}, {0xc58, 0xc5a}, {0xc5d, 0xc5d},
	{0xc60, 0xc61}, {0xc66, 0xc6f}, {0xc78, 0xc7e}, {0xc80, 0xc80}, {0xc85, 0xc8c}, {0xc8e, 0xc90},
	{0xc92, 0xca8}, {0xcaa, 0xcb3}, {0xcb5, 0xcb9}, {0xcbd, 0xcbd}, {0xcdd, 0xcde}, {0xce0, 0xce1},
	{0xce6, 0xcef}, {0xcf1, 0xcf2}, {0xd04, 0xd0c}, {0xd0e, 0xd10}, {0xd12, 0xd3a}, {0xd3d, 0xd3d},
	{0xd4e, 0xd4e}, {0xd54, 0xd56}, {0xd58, 0xd61}, {0xd66, 0xd78}, {0xd7a, 0xd7f}, {0xd85, 0xd96},
	{0xd9a, 0xdb1}, {0xdb3, 0xdbb}, {0xdbd, 0xdbd}, {0xdc0, 0xdc6}, {0xde6, 0xdef}, {0xe01, 0xe30},
	{0xe32, 0xe33}, {0xe40, 0xe46}, {0xe50, 0xe59}, {0xe81, 0xe82}, {0xe84, 0xe84}, {0xe86, 0xe8a},
	{0xe8c, 0xea3}, {0xea5, 0xea5}, {0xea7, 0xeb0}, {0xeb2, 0xeb3}, {0xebd, 0xebd}, {0xec0, 0xec4},
	{0xec6, 0xec6}, {0xed0, 0xed9}, {0xedc, 0xedf}, {0xf00, 0xf00}, {0xf20, 0xf33}, {0xf40, 0xf47},
	{0xf49, 0xf6c}, {0xf88, 0xf8c}, {0x1000, 0x102a}, {0x103f, 0x1049}, {0x1050, 0x1055}, {0x105a, 0x105d},
	{0x1061, 0x1061}, {0x1065, 0x1066}, {0x106e, 0x1070}, {0x1075, 0x1081}, {0x108e, 0x108e}, {0x1090, 0x1099},
	{0x10a0, 0x10c5}, {0x10c7, 0x10c7}, {0x10cd, 0x10cd}, {0x10d0, 0x10fa}, {0x10fc, 0x1248}, {0x124a, 0x124d},
	{0x1250, 0x1256}, {0x1258, 0x1258}, {0x125a, 0x125d}, {0x1260, 0x1288}, {0x128a, 0x128d}, {0x1290, 0x12b0},
	{0x12b2, 0x12b5}, {0x12b8, 0x12be}, {0x12c0, 0x12c0}, {0x12c2, 0x12c5}, {0x12c8, 0x12d6}, {0x12d8, 0x1310},
	{0x1312, 0x1315}, {0x1318, 0x135a}, {0x1369, 0x137c}, {0x1380, 0x138f}, {0x13a0, 0x13f5}, {0x13f8, 0x13fd},
	{0x1401, 0x166c}, {0x166f, 0x167f}, {0x1681, 0x169a}, {0x16a0, 0x16ea}, {0x16ee, 0x16f8}, {0x1700, 0x1711},
	{0x171f, 0x1731}, {0x1740, 0x1751}, {0x1760, 0x176c}, {0x176e, 0x1770}, {0x1780, 0x17b3}, {0x17d7, 0x17d7},
	{0x17dc, 0x17dc}, {0x17e0, 0x17e9}, {0x17f0, 0x17f9}, {0x1810, 0x1819}, {0x1820, 0x1878}, {0x1880, 0x1884},
	{0x1887, 0x18a8}, {0x18aa, 0x18aa}, {0x18b0, 0x18f5}, {0x1900, 0x191e}, {0x1946, 0x196d}, {0x1970, 0x1974},
	{0x1980, 0x19ab}, {0x19b0, 0x19c9}, {0x19d0, 0x19da}, {0x1a00, 0x1a16}, {0x1a20, 0x1a54}, {0x1a80, 0x1a89},
	{0x1a90, 0x1a99}, {0x1aa7, 0x1aa7}, {0x1b05, 0x1b33}, {0x1b45, 0x1b4c}, {0x1b50, 0x1b59}, {0x1b83, 0x1ba0},
	{0x1bae, 0x1be5}, {0x1c00, 0x1c23}, {0x1c40, 0x1c49}, {0x1c4d, 0x1c7d}, {0x1c80, 0x1c8a}, {0x1c90, 0x1cba},
	{0x1cbd, 0x1cbf}, {0x1ce9, 0x1cec}, {0x1cee, 0x1cf3}, {0x1cf5, 0x1cf6}, {0x1cfa, 0x1cfa}, {0x1d00, 0x1dbf},
	{0x1e00, 0x1f15}, {0x1f18, 0x1f1d}, {0x1f20, 0x1f45}, {0x1f48, 0x1f4d}, {0x1f50, 0x1f57}, {0x1f59, 0x1f59},
	{0x1f5b, 0x1f5b}, {0x1f5d, 0x1f5d}, {0x1f5f, 0x1f7d}, {0x1f80, 0x1fb4}, {0x1fb6, 0x1fbc}, {0x1fbe, 0x1fbe},
	{0x1fc2, 0x1fc4}, {0x1fc6, 0x1fcc}, {0x1fd0, 0x1fd3}, {0x1fd6, 0x1fdb}, {0x1fe0, 0x1fec}, {0x1ff2, 0x1ff4},
	{0x1ff6, 0x1ffc}, {0x2070, 0x2071}, {0x2074, 0x2079}, {0x207f, 0x2089}, {0x2090, 0x209c}, {0x2102, 0x2102},
	{0x2107, 0x2107}, {0x210a, 0x2113}, {0x2115, 0x2115}, {0x2119, 0x211d}, {0x2124, 0x2124}, {0x2126, 0x2126},
	{0x2128, 0x2128}, {0x212a, 0x212d}, {0x212f, 0x2139}, {0x213c, 0x213f}, {0x2145, 0x2149}, {0x214e, 0x214e},
	{0x2150, 0x2189}, {0x2460, 0x249b}, {0x24ea, 0x24ff}, {0x2776, 0x2793}, {0x2c00, 0x2ce4}, {0x2ceb, 0x2cee},
	{0x2cf2, 0x2cf3}, {0x2cfd, 0x2cfd}, {0x2d00, 0x2d25}, {0x2d27, 0x2d27}, {0x2d2d, 0x2d2d}, {0x2d30, 0x2d67},
	{0x2d6f, 0x2d6f}, {0x2d80, 0x2d96}, {0x2da0, 0x2da6}, {0x2da8, 0x2dae}, {0x2db0, 0x2db6}, {0x2db8, 0x2dbe},
	{0x2dc0, 0x2dc6}, {0x2dc8, 0x2dce}, {0x2dd0, 0x2dd6}, {0x2dd8, 0x2dde}, {0x2e2f, 0x2e2f}, {0x3005, 0x3007},
	{0x3021, 0x3029}, {0x3031, 0x3035}, {0x3038, 0x303c}, {0x3041, 0x3096}, {0x309d, 0x309f}, {0x30a1, 0x30fa},
	{0x30fc, 0x30ff}, {0x3105, 0x312f}, {0x3131, 0x318e}, {0x3192, 0x3195}, {0x31a0, 0x31bf}, {0x31f0, 0x31ff},
	{0x3220, 0x3229}, {0x3248, 0x324f}, {0x3251, 0x325f}, {0x3280, 0x3289}, {0x32b1, 0x32bf}, {0x3400, 0x4dbf},
	{0x4e00, 0xa48c}, {0xa4d0, 0xa4fd}, {0xa500, 0xa60c}, {0xa610, 0xa62b}, {0xa640, 0xa66e}, {0xa67f, 0xa69d},
	{0xa6a0, 0xa6ef}, {0xa717, 0xa71f}, {0xa722, 0xa788}, {0xa78b, 0xa7cd}, {0xa7d0, 0xa7d1}, {0xa7d3, 0xa7d3},
	{0xa7d5, 0xa7dc}, {0xa7f2, 0xa801}, {0xa803, 0xa805}, {0xa807, 0xa80a}, {0xa80c, 0xa822}, {0xa830, 0xa835},
	{0xa840, 0xa873}, {0xa882, 0xa8b3}, {0xa8d0, 0xa8d9}, {0xa8f2, 0xa8f7}, {0xa8fb, 0xa8fb}, {0xa8fd, 0xa8fe},
	{0xa900, 0xa925}, {0xa930, 0xa946}, {0xa960, 0xa97c}, {0xa984, 0xa9b2}, {0xa9cf, 0xa9d9}, {0xa9e0, 0xa9e4},
	{0xa9e6, 0xa9fe}, {0xaa00, 0xaa28}, {0xaa40, 0xaa42}, {0xaa44, 0xaa4b}, {0xaa50, 0xaa59}, {0xaa60, 0xaa76},
	{0xaa7a, 0xaa7a}, {0xaa7e, 0xaaaf}, {0xaab1, 0xaab1}, {0xaab5, 0xaab6}, {0xaab9, 0xaabd}, {0xaac0, 0xaac0},
	{0xaac2, 0xaac2}, {0xaadb, 0xaadd}, {0xaae0, 0xaaea}, {0xaaf2, 0xaaf4}, {0xab01, 0xab06}, {0xab09, 0xab0e},
	{0xab11, 0xab16}, {0xab20, 0xab26}, {0xab28, 0xab2e}, {0xab30, 0xab5a}, {0xab5c, 0xab69}, {0xab70, 0xabe2},
	{0xabf0, 0xabf9}, {0xac00, 0xd7a3}, {0xd7b0, 0xd7c6}, {0xd7cb, 0xd7fb}, {0xf900, 0xfa6d}, {0xfa70, 0xfad9},
	{0xfb00, 0xfb06}, {0xfb13, 0xfb17}, {0xfb1d, 0xfb1d}, {0xfb1f, 0xfb28}, {0xfb2a, 0xfb36}, {0xfb38, 0xfb3c},
	{0xfb3e, 0xfb3e}, {0xfb40, 0xfb41}, {0xfb43, 0xfb44}, {0xfb46, 0xfbb1}, {0xfbd3, 0xfd3d}, {0xfd50, 0xfd8f},
	{0xfd92, 0xfdc7}, {0xfdf0, 0xfdfb}, {0xfe70, 0xfe74}, {0xfe76, 0xfefc}, {0xff10, 0xff19}, {0xff21, 0xff3a},
	{0xff41, 0xff5a}, {0xff66, 0xffbe}, {0xffc2, 0xffc7}, {0xffca, 0xffcf}, {0xffd2, 0xffd7}, {0xffda, 0xffdc},
	{0x10000, 0x1000b}, {0x1000d, 0x10026}, {0x10028, 0x1003a}, {0x1003c, 0x1003d}, {0x1003f, 0x1004d}, {0x10050, 0x1005d},
	{0x10080, 0x100fa}, {0x10107, 0x10133}, {0x10140, 0x10178}, {0x1018a, 0x1018b}, {0x10280, 0x1029c}, {0x102a0, 0x102d0},
	{0x102e1, 0x102fb}, {0x10300, 0x10323}, {0x1032d, 0x1034a}, {0x10350, 0x10375}, {0x10380, 0x1039d}, {0x103a0, 0x103c3},
	{0x103c8, 0x103cf}, {0x103d1, 0x103d5}, {0x10400, 0x1049d}, {0x104a0, 0x104a9}, {0x104b0, 0x104d3}, {0x104d8, 0x104fb},
	{0x10500, 0x10527}, {0x10530, 0x10563}, {0x10570, 0x1057a}, {0x1057c, 0x1058a}, {0x1058c, 0x10592}, {0x10594, 0x10595},
	{0x10597, 0x105a1}, {0x105a3, 0x105b1}, {0x105b3, 0x105b9}, {0x105bb, 0x105bc}, {0x105c0, 0x105f3}, {0x10600, 0x10736},
	{0x10740, 0x10755}, {0x10760, 0x10767}, {0x10780, 0x10785}, {0x10787, 0x107b0}, {0x107b2, 0x107ba}, {0x10800, 0x10805},
	{0x10808, 0x10808}, {0x1080a, 0x10835}, {0x10837, 0x10838}, {0x1083c, 0x1083c}, {0x1083f, 0x10855}, {0x10858, 0x10876},
	{0x10879, 0x1089e}, {0x108a7, 0x108af}, {0x108e0, 0x108f2}, {0x108f4, 0x108f5}, {0x108fb, 0x1091b}, {0x10920, 0x10939},
	{0x10980, 0x109b7}, {0x109bc, 0x109cf}, {0x109d2, 0x10a00}, {0x10a10, 0x10a13}, {0x10a15, 0x10a17}, {0x10a19, 0x10a35},
	{0x10a40, 0x10a48}, {0x10a60, 0x10a7e}, {0x10a80, 0x10a9f}, {0x10ac0, 0x10ac7}, {0x10ac9, 0x10ae4}, {0x10aeb, 0x10aef},
	{0x10b00, 0x10b35}, {0x10b40, 0x10b55}, {0x10b58, 0x10b72}, {0x10b78, 0x10b91}, {0x10ba9, 0x10baf}, {0x10c00, 0x10c48},
	{0x10c80, 0x10cb2}, {0x10cc0, 0x10cf2}, {0x10cfa, 0x10d23}, {0x10d30, 0x10d39}, {0x10d40, 0x10d65}, {0x10d6f, 0x10d85},
	{0x10e60, 0x10e7e}, {0x10e80, 0x10ea9}, {0x10eb0, 0x10eb1}, {0x10ec2, 0x10ec4}, {0x10f00, 0x10f27}, {0x10f30, 0x10f45},
	{0x10f51, 0x10f54}, {0x10f70, 0x10f81}, {0x10fb0, 0x10fcb}, {0x10fe0, 0x10ff6}, {0x11003, 0x11037}, {0x11052, 0x1106f},
	{0x11071, 0x11072}, {0x11075, 0x11075}, {0x11083, 0x110af}, {0x110d0, 0x110e8}, {0x110f0, 0x110f9}, {0x11103, 0x11126},
	{0x11136, 0x1113f}, {0x11144, 0x11144}, {0x11147, 0x11147}, {0x11150, 0x11172}, {0x11176, 0x11176}, {0x11183, 0x111b2},
	{0x111c1, 0x111c4}, {0x111d0, 0x111da}, {0x111dc, 0x111dc}, {0x111e1, 0x111f4}, {0x11200, 0x11211}, {0x11213, 0x1122b},
	{0x1123f, 0x11240}, {0x11280, 0x11286}, {0x11288, 0x11288}, {0x1128a, 0x1128d}, {0x1128f, 0x1129d}, {0x1129f, 0x112a8},
	{0x112b0, 0x112de}, {0x112f0, 0x112f9}, {0x11305, 0x1130c}, {0x1130f, 0x11310}, {0x11313, 0x11328}, {0x1132a, 0x11330},
	{0x11332, 0x11333}, {0x11335, 0x11339}, {0x1133d, 0x1133d}, {0x11350, 0x11350}, {0x1135d, 0x11361}, {0x11380, 0x11389},
	{0x1138b, 0x1138b}, {0x1138e, 0x1138e}, {0x11390, 0x113b5}, {0x113b7, 0x113b7}, {0x113d1, 0x113d1}, {0x113d3, 0x113d3},
	{0x11400, 0x11434}, {0x11447, 0x1144a}, {0x11450, 0x11459}, {0x1145f, 0x11461}, {0x11480, 0x114af}, {0x114c4, 0x114c5},
	{0x114c7, 0x114c7}, {0x114d0, 0x114d9}, {0x11580, 0x115ae}, {0x115d8, 0x115db}, {0x11600, 0x1162f}, {0x11644, 0x11644},
	{0x11650, 0x11659}, {0x11680, 0x116aa}, {0x116b8, 0x116b8}, {0x116c0, 0x116c9}, {0x116d0, 0x116e3}, {0x11700, 0x1171a},
	{0x11730, 0x1173b}, {0x11740, 0x11746}, {0x11800, 0x1182b}, {0x118a0, 0x118f2}, {0x118ff, 0x11906}, {0x11909, 0x11909},
	{0x1190c, 0x11913}, {0x11915, 0x11916}, {0x11918, 0x1192f}, {0x1193f, 0x1193f}, {0x11941, 0x11941}, {0x11950, 0x11959},
	{0x119a0, 0x119a7}, {0x119aa, 0x119d0}, {0x119e1, 0x119e1}, {0x119e3, 0x119e3}, {0x11a00, 0x11a00}, {0x11a0b, 0x11a32},
	{0x11a3a, 0x11a3a}, {0x11a50, 0x11a50}, {0x11a5c, 0x11a89}, {0x11a9d, 0x11a9d}, {0x11ab0, 0x11af8}, {0x11bc0, 0x11be0},
	{0x11bf0, 0x11bf9}, {0x11c00, 0x11c08}, {0x11c0a, 0x11c2e}, {0x11c40, 0x11c40}, {0x11c50, 0x11c6c}, {0x11c72, 0x11c8f},
	{0x11d00, 0x11d06}, {0x11d08, 0x11d09}, {0x11d0b, 0x11d30}, {0x11d46, 0x11d46}, {0x11d50, 0x11d59}, {0x11d60, 0x11d65},
	{0x11d67, 0x11d68}, {0x11d6a, 0x11d89}, {0x11d98, 0x11d98}, {0x11da0, 0x11da9}, {0x11ee0, 0x11ef2}, {0x11f02, 0x11f02},
	{0x11f04, 0x11f10}, {0x11f12, 0x11f33}, {0x11f50, 0x11f59}, {0x11fb0, 0x11fb0}, {0x11fc0, 0x11fd4}, {0x12000, 0x12399},
	{0x12400, 0x1246e}, {0x12480, 0x12543}, {0x12f90, 0x12ff0}, {0x13000, 0x1342f}, {0x13441, 0x13446}, {0x13460, 0x143fa},
	{0x14400, 0x14646}, {0x16100, 0x1611d}, {0x16130, 0x16139}, {0x16800, 0x16a38}, {0x16a40, 0x16a5e}, {0x16a60, 0x16a69},
	{0x16a70, 0x16abe}, {0x16ac0, 0x16ac9}, {0x16ad0, 0x16aed}, {0x16b00, 0x16b2f}, {0x16b40, 0x16b43}, {0x16b50, 0x16b59},
	{0x16b5b, 0x16b61}, {0x16b63, 0x16b77}, {0x16b7d, 0x16b8f}, {0x16d40, 0x16d6c}, {0x16d70, 0x16d79}, {0x16e40, 0x16e96},
	{0x16f00, 0x16f4a}, {0x16f50, 0x16f50}, {0x16f93, 0x16f9f}, {0x16fe0, 0x16fe1}, {0x16fe3, 0x16fe3}, {0x17000, 0x187f7},
	{0x18800, 0x18cd5}, {0x18cff, 0x18d08}, {0x1aff0, 0x1aff3}, {0x1aff5, 0x1affb}, {0x1affd, 0x1affe}, {0x1b000, 0x1b122},
	{0x1b132, 0x1b132}, {0x1b150, 0x1b152}, {0x1b155, 0x1b155}, {0x1b164, 0x1b167}, {0x1b170, 0x1b2fb}, {0x1bc00, 0x1bc6a},
	{0x1bc70, 0x1bc7c}, {0x1bc80, 0x1bc88}, {0x1bc90, 0x1bc99}, {0x1ccf0, 0x1ccf9}, {0x1d2c0, 0x1d2d3}, {0x1d2e0, 0x1d2f3},
	{0x1d360, 0x1d378}, {0x1d400, 0x1d454}, {0x1d456, 0x1d49c}, {0x1d49e, 0x1d49f}, {0x1d4a2, 0x1d4a2}, {0x1d4a5, 0x1d4a6},
	{0x1d4a9, 0x1d4ac}, {0x1d4ae, 0x1d4b9}, {0x1d4bb, 0x1d4bb}, {0x1d4bd, 0x1d4c3}, {0x1d4c5, 0x1d505}, {0x1d507, 0x1d50a},
	{0x1d50d, 0x1d514}, {0x1d516, 0x1d51c}, {0x1d51e, 0x1d539}, {0x1d53b, 0x1d53e}, {0x1d540, 0x1d544}, {0x1d546, 0x1d546},
	{0x1d54a, 0x1d550}, {0x1d552, 0x1d6a5}, {0x1d6a8, 0x1d6c0}, {0x1d6c2, 0x1d6da}, {0x1d6dc, 0x1d6fa}, {0x1d6fc, 0x1d714},
	{0x1d716, 0x1d734}, {0x1d736, 0x1d74e}, {0x1d750, 0x1d76e}, {0x1d770, 0x1d788}, {0x1d78a, 0x1d7a8}, {0x1d7aa, 0x1d7c2},
	{0x1d7c4, 0x1d7cb}, {0x1d7ce, 0x1d7ff}, {0x1df00, 0x1df1e}, {0x1df25, 0x1df2a}, {0x1e030, 0x1e06d}, {0x1e100, 0x1e12c},
	{0x1e137, 0x1e13d}, {0x1e140, 0x1e149}, {0x1e14e, 0x1e14e}, {0x1e290, 0x1e2ad}, {0x1e2c0, 0x1e2eb}, {0x1e2f0, 0x1e2f9},
	{0x1e4d0, 0x1e4eb}, {0x1e4f0, 0x1e4f9}, {0x1e5d0, 0x1e5ed}, {0x1e5f0, 0x1e5fa}, {0x1e7e0, 0x1e7e6}, {0x1e7e8, 0x1e7eb},
	{0x1e7ed, 0x1e7ee}, {0x1e7f0, 0x1e7fe}, {0x1e800, 0x1e8c4}, {0x1e8c7, 0x1e8cf}, {0x1e900, 0x1e943}, {0x1e94b, 0x1e94b},
	{0x1e950, 0x1e959}, {0x1ec71, 0x1ecab}, {0x1ecad, 0x1ecaf}, {0x1ecb1, 0x1ecb4}, {0x1ed01, 0x1ed2d}, {0x1ed2f, 0x1ed3d},
	{0x1ee00, 0x1ee03}, {0x1ee05, 0x1ee1f}, {0x1ee21, 0x1ee22}, {0x1ee24, 0x1ee24}, {0x1ee27, 0x1ee27}, {0x1ee29, 0x1ee32},
	{0x1ee34, 0x1ee37}, {0x1ee39, 0x1ee39}, {0x1ee3b, 0x1ee3b}, {0x1ee42, 0x1ee42}, {0x1ee47, 0x1ee47}, {0x1ee49, 0x1ee49},
	{0x1ee4b, 0x1ee4b}, {0x1ee4d, 0x1ee4f}, {0x1ee51, 0x1ee52}, {0x1ee54, 0x1ee54}, {0x1ee57, 0x1ee57}, {0x1ee59, 0x1ee59},
	{0x1ee5b, 0x1ee5b}, {0x1ee5d, 0x1ee5d}, {0x1ee5f, 0x1ee5f}, {0x1ee61, 0x1ee62}, {0x1ee64, 0x1ee64}, {0x1ee67, 0x1ee6a},
	{0x1ee6c, 0x1ee72}, {0x1ee74, 0x1ee77}, {0x1ee79, 0x1ee7c}, {0x1ee7e, 0x1ee7e}, {0x1ee80, 0x1ee89}, {0x1ee8b, 0x1ee9b},
	{0x1eea1, 0x1eea3}, {0x1eea5, 0x1eea9}, {0x1eeab, 0x1eebb}, {0x1f100, 0x1f10c}, {0x1fbf0, 0x1fbf9}, {0x20000, 0x2a6df},
	{0x2a700, 0x2b739}, {0x2b740, 0x2b81d}, {0x2b820, 0x2cea1}, {0x2ceb0, 0x2ebe0}, {0x2ebf0, 0x2ee5d}, {0x2f800, 0x2fa1d},
	{0x30000, 0x3134a}, {0x31350, 0x323af},
}

var tabAlpha = []rangeTab{
	{0x41, 0x5a}, {0x61, 0x7a}, {0xaa, 0xaa}, {0xb5, 0xb5}, {0xba, 0xba}, {0xc0, 0xd6},
	{0xd8, 0xf6}, {0xf8, 0x2c1}, {0x2c6, 0x2d1}, {0x2e0, 0x2e4}, {0x2ec, 0x2ec}, {0x2ee, 0x2ee},
	{0x370, 0x374}, {0x376, 0x377}, {0x37a, 0x37d}, {0x37f, 0x37f}, {0x386, 0x386}, {0x388, 0x38a},
	{0x38c, 0x38c}, {0x38e, 0x3a1}, {0x3a3, 0x3f5}, {0x3f7, 0x481}, {0x48a, 0x52f}, {0x531, 0x556},
	{0x559, 0x559}, {0x560, 0x588}, {0x5d0, 0x5ea}, {0x5ef, 0x5f2}, {0x620, 0x64a}, {0x66e, 0x66f},
	{0x671, 0x6d3}, {0x6d5, 0x6d5}, {0x6e5, 0x6e6}, {0x6ee, 0x6ef}, {0x6fa, 0x6fc}, {0x6ff, 0x6ff},
	{0x710, 0x710}, {0x712, 0x72f}, {0x74d, 0x7a5}, {0x7b1, 0x7b1}, {0x7ca, 0x7ea}, {0x7f4, 0x7f5},
	{0x7fa, 0x7fa}, {0x800, 0x815}, {0x81a, 0x81a}, {0x824, 0x824}, {0x828, 0x828}, {0x840, 0x858},
	{0x860, 0x86a}, {0x870, 0x887}, {0x889, 0x88e}, {0x8a0, 0x8c9}, {0x904, 0x939}, {0x93d, 0x93d},
	{0x950, 0x950}, {0x958, 0x961}, {0x971, 0x980}, {0x985, 0x98c}, {0x98f, 0x990}, {0x993, 0x9a8},
	{0x9aa, 0x9b0}, {0x9b2, 0x9b2}, {0x9b6, 0x9b9}, {0x9bd, 0x9bd}, {0x9ce, 0x9ce}, {0x9dc, 0x9dd},
	{0x9df, 0x9e1}, {0x9f0, 0x9f1}, {0x9fc, 0x9fc}, {0xa05, 0xa0a}, {0xa0f, 0xa10}, {0xa13, 0xa28},
	{0xa2a, 0xa30}, {0xa32, 0xa33}, {0xa35, 0xa36}, {0xa38, 0xa39}, {0xa59, 0xa5c}, {0xa5e, 0xa5e},
	{0xa72, 0xa74}, {0xa85, 0xa8d}, {0xa8f, 0xa91}, {0xa93, 0xaa8}, {0xaaa, 0xab0}, {0xab2, 0xab3},
	{0xab5, 0xab9}, {0xabd, 0xabd}, {0xad0, 0xad0}, {0xae0, 0xae1}, {0xaf9, 0xaf9}, {0xb05, 0xb0c},
	{0xb0f, 0xb10}, {0xb13, 0xb28}, {0xb2a, 0xb30}, {0xb32, 0xb33}, {0xb35, 0xb39}, {0xb3d, 0xb3d},
	{0xb5c, 0xb5d}, {0xb5f, 0xb61}, {0xb71, 0xb71}, {0xb83, 0xb83}, {0xb85, 0xb8a}, {0xb8e, 0xb90},
	{0xb92, 0xb95}, {0xb99, 0xb9a}, {0xb9c, 0xb9c}, {0xb9e, 0xb9f}, {0xba3, 0xba4}, {0xba8, 0xbaa},
	{0xbae, 0xbb9}, {0xbd0, 0xbd0}, {0xc05, 0xc0c}, {0xc0e, 0xc10}, {0xc12, 0xc28}, {0xc2a, 0xc39},
	{0xc3d, 0xc3d}, {0xc58, 0xc5a}, {0xc5d, 0xc5d}, {0xc60, 0xc61}, {0xc80, 0xc80}, {0xc85, 0xc8c},
	{0xc8e, 0xc90}, {0xc92, 0xca8}, {0xcaa, 0xcb3}, {0xcb5, 0xcb9}, {0xcbd, 0xcbd}, {0xcdd, 0xcde},
	{0xce0, 0xce1}, {0xcf1, 0xcf2}, {0xd04, 0xd0c}, {0xd0e, 0xd10}, {0xd12, 0xd3a}, {0xd3d, 0xd3d},
	{0xd4e, 0xd4e}, {0xd54, 0xd56}, {0xd5f, 0xd61}, {0xd7a, 0xd7f}, {0xd85, 0xd96}, {0xd9a, 0xdb1},
	{0xdb3, 0xdbb}, {0xdbd, 0xdbd}, {0xdc0, 0xdc6}, {0xe01, 0xe30}, {0xe32, 0xe33}, {0xe40, 0xe46},
	{0xe81, 0xe82}, {0xe84, 0xe84}, {0xe86, 0xe8a}, {0xe8c, 0xea3}, {0xea5, 0xea5}, {0xea7, 0xeb0},
	{0xeb2, 0xeb3}, {0xebd, 0xebd}, {0xec0, 0xec4}, {0xec6, 0xec6}, {0xedc, 0xedf}, {0xf00, 0xf00},
	{0xf40, 0xf47}, {0xf49, 0xf6c}, {0xf88, 0xf8c}, {0x1000, 0x102a}, {0x103f, 0x103f}, {0x1050, 0x1055},
	{0x105a, 0x105d}, {0x1061, 0x1061}, {0x1065, 0x1066}, {0x106e, 0x1070}, {0x1075, 0x1081}, {0x108e, 0x108e},
	{0x10a0, 0x10c5}, {0x10c7, 0x10c7}, {0x10cd, 0x10cd}, {0x10d0, 0x10fa}, {0x10fc, 0x1248}, {0x124a, 0x124d},
	{0x1250, 0x1256}, {0x1258, 0x1258}, {0x125a, 0x125d}, {0x1260, 0x1288}, {0x128a, 0x128d}, {0x1290, 0x12b0},
	{0x12b2, 0x12b5}, {0x12b8, 0x12be}, {0x12c0, 0x12c0}, {0x12c2, 0x12c5}, {0x12c8, 0x12d6}, {0x12d8, 0x1310},
	{0x1312, 0x1315}, {0x1318, 0x135a}, {0x1380, 0x138f}, {0x13a0, 0x13f5}, {0x13f8, 0x13fd}, {0x1401, 0x166c},
	{0x166f, 0x167f}, {0x1681, 0x169a}, {0x16a0, 0x16ea}, {0x16f1, 0x16f8}, {0x1700, 0x1711}, {0x171f, 0x1731},
	{0x1740, 0x1751}, {0x1760, 0x176c}, {0x176e, 0x1770}, {0x1780, 0x17b3}, {0x17d7, 0x17d7}, {0x17dc, 0x17dc},
	{0x1820, 0x1878}, {0x1880, 0x1884}, {0x1887, 0x18a8}, {0x18aa, 0x18aa}, {0x18b0, 0x18f5}, {0x1900, 0x191e},
	{0x1950, 0x196d}, {0x1970, 0x1974}, {0x1980, 0x19ab}, {0x19b0, 0x19c9}, {0x1a00, 0x1a16}, {0x1a20, 0x1a54},
	{0x1aa7, 0x1aa7}, {0x1b05, 0x1b33}, {0x1b45, 0x1b4c}, {0x1b83, 0x1ba0}, {0x1bae, 0x1baf}, {0x1bba, 0x1be5},
	{0x1c00, 0x1c23}, {0x1c4d, 0x1c4f}, {0x1c5a, 0x1c7d}, {0x1c80, 0x1c8a}, {0x1c90, 0x1cba}, {0x1cbd, 0x1cbf},
	{0x1ce9, 0x1cec}, {0x1cee, 0x1cf3}, {0x1cf5, 0x1cf6}, {0x1cfa, 0x1cfa}, {0x1d00, 0x1dbf}, {0x1e00, 0x1f15},
	{0x1f18, 0x1f1d}, {0x1f20, 0x1f45}, {0x1f48, 0x1f4d}, {0x1f50, 0x1f57}, {0x1f59, 0x1f59}, {0x1f5b, 0x1f5b},
	{0x1f5d, 0x1f5d}, {0x1f5f, 0x1f7d}, {0x1f80, 0x1fb4}, {0x1fb6, 0x1fbc}, {0x1fbe, 0x1fbe}, {0x1fc2, 0x1fc4},
	{0x1fc6, 0x1fcc}, {0x1fd0, 0x1fd3}, {0x1fd6, 0x1fdb}, {0x1fe0, 0x1fec}, {0x1ff2, 0x1ff4}, {0x1ff6, 0x1ffc},
	{0x2071, 0x2071}, {0x207f, 0x207f}, {0x2090, 0x209c}, {0x2102, 0x2102}, {0x2107, 0x2107}, {0x210a, 0x2113},
	{0x2115, 0x2115}, {0x2119, 0x211d}, {0x2124, 0x2124}, {0x2126, 0x2126}, {0x2128, 0x2128}, {0x212a, 0x212d},
	{0x212f, 0x2139}, {0x213c, 0x213f}, {0x2145, 0x2149}, {0x214e, 0x214e}, {0x2183, 0x2184}, {0x2c00, 0x2ce4},
	{0x2ceb, 0x2cee}, {0x2cf2, 0x2cf3}, {0x2d00, 0x2d25}, {0x2d27, 0x2d27}, {0x2d2d, 0x2d2d}, {0x2d30, 0x2d67},
	{0x2d6f, 0x2d6f}, {0x2d80, 0x2d96}, {0x2da0, 0x2da6}, {0x2da8, 0x2dae}, {0x2db0, 0x2db6}, {0x2db8, 0x2dbe},
	{0x2dc0, 0x2dc6}, {0x2dc8, 0x2dce}, {0x2dd0, 0x2dd6}, {0x2dd8, 0x2dde}, {0x2e2f, 0x2e2f}, {0x3005, 0x3006},
	{0x3031, 0x3035}, {0x303b, 0x303c}, {0x3041, 0x3096}, {0x309d, 0x309f}, {0x30a1, 0x30fa}, {0x30fc, 0x30ff},
	{0x3105, 0x312f}, {0x3131, 0x318e}, {0x31a0, 0x31bf}, {0x31f0, 0x31ff}, {0x3400, 0x4dbf}, {0x4e00, 0xa48c},
	{0xa4d0, 0xa4fd}, {0xa500, 0xa60c}, {0xa610, 0xa61f}, {0xa62a, 0xa62b}, {0xa640, 0xa66e}, {0xa67f, 0xa69d},
	{0xa6a0, 0xa6e5}, {0xa717, 0xa71f}, {0xa722, 0xa788}, {0xa78b, 0xa7cd}, {0xa7d0, 0xa7d1}, {0xa7d3, 0xa7d3},
	{0xa7d5, 0xa7dc}, {0xa7f2, 0xa801}, {0xa803, 0xa805}, {0xa807, 0xa80a}, {0xa80c, 0xa822}, {0xa840, 0xa873},
	{0xa882, 0xa8b3}, {0xa8f2, 0xa8f7}, {0xa8fb, 0xa8fb}, {0xa8fd, 0xa8fe}, {0xa90a, 0xa925}, {0xa930, 0xa946},
	{0xa960, 0xa97c}, {0xa984, 0xa9b2}, {0xa9cf, 0xa9cf}, {0xa9e0, 0xa9e4}, {0xa9e6, 0xa9ef}, {0xa9fa, 0xa9fe},
	{0xaa00, 0xaa28}, {0xaa40, 0xaa42}, {0xaa44, 0xaa4b}, {0xaa60, 0xaa76}, {0xaa7a, 0xaa7a}, {0xaa7e, 0xaaaf},
	{0xaab1, 0xaab1}, {0xaab5, 0xaab6}, {0xaab9, 0xaabd}, {0xaac0, 0xaac0}, {0xaac2, 0xaac2}, {0xaadb, 0xaadd},
	{0xaae0, 0xaaea}, {0xaaf2, 0xaaf4}, {0xab01, 0xab06}, {0xab09, 0xab0e}, {0xab11, 0xab16}, {0xab20, 0xab26},
	{0xab28, 0xab2e}, {0xab30, 0xab5a}, {0xab5c, 0xab69}, {0xab70, 0xabe2}, {0xac00, 0xd7a3}, {0xd7b0, 0xd7c6},
	{0xd7cb, 0xd7fb}, {0xf900, 0xfa6d}, {0xfa70, 0xfad9}, {0xfb00, 0xfb06}, {0xfb13, 0xfb17}, {0xfb1d, 0xfb1d},
	{0xfb1f, 0xfb28}, {0xfb2a, 0xfb36}, {0xfb38, 0xfb3c}, {0xfb3e, 0xfb3e}, {0xfb40, 0xfb41}, {0xfb43, 0xfb44},
	{0xfb46, 0xfbb1}, {0xfbd3, 0xfd3d}, {0xfd50, 0xfd8f}, {0xfd92, 0xfdc7}, {0xfdf0, 0xfdfb}, {0xfe70, 0xfe74},
	{0xfe76, 0xfefc}, {0xff21, 0xff3a}, {0xff41, 0xff5a}, {0xff66, 0xffbe}, {0xffc2, 0xffc7}, {0xffca, 0xffcf},
	{0xffd2, 0xffd7}, {0xffda, 0xffdc}, {0x10000, 0x1000b}, {0x1000d, 0x10026}, {0x10028, 0x1003a}, {0x1003c, 0x1003d},
	{0x1003f, 0x1004d}, {0x10050, 0x1005d}, {0x10080, 0x100fa}, {0x10280, 0x1029c}, {0x102a0, 0x102d0}, {0x10300, 0x1031f},
	{0x1032d, 0x10340}, {0x10342, 0x10349}, {0x10350, 0x10375}, {0x10380, 0x1039d}, {0x103a0, 0x103c3}, {0x103c8, 0x103cf},
	{0x10400, 0x1049d}, {0x104b0, 0x104d3}, {0x104d8, 0x104fb}, {0x10500, 0x10527}, {0x10530, 0x10563}, {0x10570, 0x1057a},
	{0x1057c, 0x1058a}, {0x1058c, 0x10592}, {0x10594, 0x10595}, {0x10597, 0x105a1}, {0x105a3, 0x105b1}, {0x105b3, 0x105b9},
	{0x105bb, 0x105bc}, {0x105c0, 0x105f3}, {0x10600, 0x10736}, {0x10740, 0x10755}, {0x10760, 0x10767}, {0x10780, 0x10785},
	{0x10787, 0x107b0}, {0x107b2, 0x107ba}, {0x10800, 0x10805}, {0x10808, 0x10808}, {0x1080a, 0x10835}, {0x10837, 0x10838},
	{0x1083c, 0x1083c}, {0x1083f, 0x10855}, {0x10860, 0x10876}, {0x10880, 0x1089e}, {0x108e0, 0x108f2}, {0x108f4, 0x108f5},
	{0x10900, 0x10915}, {0x10920, 0x10939}, {0x10980, 0x109b7}, {0x109be, 0x109bf}, {0x10a00, 0x10a00}, {0x10a10, 0x10a13},
	{0x10a15, 0x10a17}, {0x10a19, 0x10a35}, {0x10a60, 0x10a7c}, {0x10a80, 0x10a9c}, {0x10ac0, 0x10ac7}, {0x10ac9, 0x10ae4},
	{0x10b00, 0x10b35}, {0x10b40, 0x10b55}, {0x10b60, 0x10b72}, {0x10b80, 0x10b91}, {0x10c00, 0x10c48}, {0x10c80, 0x10cb2},
	{0x10cc0, 0x10cf2}, {0x10d00, 0x10d23}, {0x10d4a, 0x10d65}, {0x10d6f, 0x10d85}, {0x10e80, 0x10ea9}, {0x10eb0, 0x10eb1},
	{0x10ec2, 0x10ec4}, {0x10f00, 0x10f1c}, {0x10f27, 0x10f27}, {0x10f30, 0x10f45}, {0x10f70, 0x10f81}, {0x10fb0, 0x10fc4},
	{0x10fe0, 0x10ff6}, {0x11003, 0x11037}, {0x11071, 0x11072}, {0x11075, 0x11075}, {0x11083, 0x110af}, {0x110d0, 0x110e8},
	{0x11103, 0x11126}, {0x11144, 0x11144}, {0x11147, 0x11147}, {0x11150, 0x11172}, {0x11176, 0x11176}, {0x11183, 0x111b2},
	{0x111c1, 0x111c4}, {0x111da, 0x111da}, {0x111dc, 0x111dc}, {0x11200, 0x11211}, {0x11213, 0x1122b}, {0x1123f, 0x11240},
	{0x11280, 0x11286}, {0x11288, 0x11288}, {0x1128a, 0x1128d}, {0x1128f, 0x1129d}, {0x1129f, 0x112a8}, {0x112b0, 0x112de},
	{0x11305, 0x1130c}, {0x1130f, 0x11310}, {0x11313, 0x11328}, {0x1132a, 0x11330}, {0x11332, 0x11333}, {0x11335, 0x11339},
	{0x1133d, 0x1133d}, {0x11350, 0x11350}, {0x1135d, 0x11361}, {0x11380, 0x11389}, {0x1138b, 0x1138b}, {0x1138e, 0x1138e},
	{0x11390, 0x113b5}, {0x113b7, 0x113b7}, {0x113d1, 0x113d1}, {0x113d3, 0x113d3}, {0x11400, 0x11434}, {0x11447, 0x1144a},
	{0x1145f, 0x11461}, {0x11480, 0x114af}, {0x114c4, 0x114c5}, {0x114c7, 0x114c7}, {0x11580, 0x115ae}, {0x115d8, 0x115db},
	{0x11600, 0x1162f}, {0x11644, 0x11644}, {0x11680, 0x116aa}, {0x116b8, 0x116b8}, {0x11700, 0x1171a}, {0x11740, 0x11746},
	{0x11800, 0x1182b}, {0x118a0, 0x118df}, {0x118ff, 0x11906}, {0x11909, 0x11909}, {0x1190c, 0x11913}, {0x11915, 0x11916},
	{0x11918, 0x1192f}, {0x1193f, 0x1193f}, {0x11941, 0x11941}, {0x119a0, 0x119a7}, {0x119aa, 0x119d0}, {0x119e1, 0x119e1},
	{0x119e3, 0x119e3}, {0x11a00, 0x11a00}, {0x11a0b, 0x11a32}, {0x11a3a, 0x11a3a}, {0x11a50, 0x11a50}, {0x11a5c, 0x11a89},
	{0x11a9d, 0x11a9d}, {0x11ab0, 0x11af8}, {0x11bc0, 0x11be0}, {0x11c00, 0x11c08}, {0x11c0a, 0x11c2e}, {0x11c40, 0x11c40},
	{0x11c72, 0x11c8f}, {0x11d00, 0x11d06}, {0x11d08, 0x11d09}, {0x11d0b, 0x11d30}, {0x11d46, 0x11d46}, {0x11d60, 0x11d65},
	{0x11d67, 0x11d68}, {0x11d6a, 0x11d89}, {0x11d98, 0x11d98}, {0x11ee0, 0x11ef2}, {0x11f02, 0x11f02}, {0x11f04, 0x11f10},
	{0x11f12, 0x11f33}, {0x11fb0, 0x11fb0}, {0x12000, 0x12399}, {0x12480, 0x12543}, {0x12f90, 0x12ff0}, {0x13000, 0x1342f},
	{0x13441, 0x13446}, {0x13460, 0x143fa}, {0x14400, 0x14646}, {0x16100, 0x1611d}, {0x16800, 0x16a38}, {0x16a40, 0x16a5e},
	{0x16a70, 0x16abe}, {0x16ad0, 0x16aed}, {0x16b00, 0x16b2f}, {0x16b40, 0x16b43}, {0x16b63, 0x16b77}, {0x16b7d, 0x16b8f},
	{0x16d40, 0x16d6c}, {0x16e40, 0x16e7f}, {0x16f00, 0x16f4a}, {0x16f50, 0x16f50}, {0x16f93, 0x16f9f}, {0x16fe0, 0x16fe1},
	{0x16fe3, 0x16fe3}, {0x17000, 0x187f7}, {0x18800, 0x18cd5}, {0x18cff, 0x18d08}, {0x1aff0, 0x1aff3}, {0x1aff5, 0x1affb},
	{0x1affd, 0x1affe}, {0x1b000, 0x1b122}, {0x1b132, 0x1b132}, {0x1b150, 0x1b152}, {0x1b155, 0x1b155}, {0x1b164, 0x1b167},
	{0x1b170, 0x1b2fb}, {0x1bc00, 0x1bc6a}, {0x1bc70, 0x1bc7c}, {0x1bc80, 0x1bc88}, {0x1bc90, 0x1bc99}, {0x1d400, 0x1d454},
	{0x1d456, 0x1d49c}, {0x1d49e, 0x1d49f}, {0x1d4a2, 0x1d4a2}, {0x1d4a5, 0x1d4a6}, {0x1d4a9, 0x1d4ac}, {0x1d4ae, 0x1d4b9},
	{0x1d4bb, 0x1d4bb}, {0x1d4bd, 0x1d4c3}, {0x1d4c5, 0x1d505}, {0x1d507, 0x1d50a}, {0x1d50d, 0x1d514}, {0x1d516, 0x1d51c},
	{0x1d51e, 0x1d539}, {0x1d53b, 0x1d53e}, {0x1d540, 0x1d544}, {0x1d546, 0x1d546}, {0x1d54a, 0x1d550}, {0x1d552, 0x1d6a5},
	{0x1d6a8, 0x1d6c0}, {0x1d6c2, 0x1d6da}, {0x1d6dc, 0x1d6fa}, {0x1d6fc, 0x1d714}, {0x1d716, 0x1d734}, {0x1d736, 0x1d74e},
	{0x1d750, 0x1d76e}, {0x1d770, 0x1d788}, {0x1d78a, 0x1d7a8}, {0x1d7aa, 0x1d7c2}, {0x1d7c4, 0x1d7cb}, {0x1df00, 0x1df1e},
	{0x1df25, 0x1df2a}, {0x1e030, 0x1e06d}, {0x1e100, 0x1e12c}, {0x1e137, 0x1e13d}, {0x1e14e, 0x1e14e}, {0x1e290, 0x1e2ad},
	{0x1e2c0, 0x1e2eb}, {0x1e4d0, 0x1e4eb}, {0x1e5d0, 0x1e5ed}, {0x1e5f0, 0x1e5f0}, {0x1e7e0, 0x1e7e6}, {0x1e7e8, 0x1e7eb},
	{0x1e7ed, 0x1e7ee}, {0x1e7f0, 0x1e7fe}, {0x1e800, 0x1e8c4}, {0x1e900, 0x1e943}, {0x1e94b, 0x1e94b}, {0x1ee00, 0x1ee03},
	{0x1ee05, 0x1ee1f}, {0x1ee21, 0x1ee22}, {0x1ee24, 0x1ee24}, {0x1ee27, 0x1ee27}, {0x1ee29, 0x1ee32}, {0x1ee34, 0x1ee37},
	{0x1ee39, 0x1ee39}, {0x1ee3b, 0x1ee3b}, {0x1ee42, 0x1ee42}, {0x1ee47, 0x1ee47}, {0x1ee49, 0x1ee49}, {0x1ee4b, 0x1ee4b},
	{0x1ee4d, 0x1ee4f}, {0x1ee51, 0x1ee52}, {0x1ee54, 0x1ee54}, {0x1ee57, 0x1ee57}, {0x1ee59, 0x1ee59}, {0x1ee5b, 0x1ee5b},
	{0x1ee5d, 0x1ee5d}, {0x1ee5f, 0x1ee5f}, {0x1ee61, 0x1ee62}, {0x1ee64, 0x1ee64}, {0x1ee67, 0x1ee6a}, {0x1ee6c, 0x1ee72},
	{0x1ee74, 0x1ee77}, {0x1ee79, 0x1ee7c}, {0x1ee7e, 0x1ee7e}, {0x1ee80, 0x1ee89}, {0x1ee8b, 0x1ee9b}, {0x1eea1, 0x1eea3},
	{0x1eea5, 0x1eea9}, {0x1eeab, 0x1eebb}, {0x20000, 0x2a6df}, {0x2a700, 0x2b739}, {0x2b740, 0x2b81d}, {0x2b820, 0x2cea1},
	{0x2ceb0, 0x2ebe0}, {0x2ebf0, 0x2ee5d}, {0x2f800, 0x2fa1d}, {0x30000, 0x3134a}, {0x31350, 0x323af},
}

var tabPrintable = []rangeTab{
	{0x20, 0x7e}, {0xa1, 0xac}, {0xae, 0x377}, {0x37a, 0x37f}, {0x384, 0x38a}, {0x38c, 0x38c},
	{0x38e, 0x3a1}, {0x3a3, 0x52f}, {0x531, 0x556}, {0x559, 0x58a}, {0x58d, 0x58f}, {0x591, 0x5c7},
	{0x5d0, 0x5ea}, {0x5ef, 0x5f4}, {0x606, 0x61b}, {0x61d, 0x6dc}, {0x6de, 0x70d}, {0x710, 0x74a},
	{0x74d, 0x7b1}, {0x7c0, 0x7fa}, {0x7fd, 0x82d}, {0x830, 0x83e}, {0x840, 0x85b}, {0x85e, 0x85e},
	{0x860, 0x86a}, {0x870, 0x88e}, {0x897, 0x8e1}, {0x8e3, 0x983}, {0x985, 0x98c}, {0x98f, 0x990},
	{0x993, 0x9a8}, {0x9aa, 0x9b0}, {0x9b2, 0x9b2}, {0x9b6, 0x9b9}, {0x9bc, 0x9c4}, {0x9c7, 0x9c8},
	{0x9cb, 0x9ce}, {0x9d7, 0x9d7}, {0x9dc, 0x9dd}, {0x9df, 0x9e3}, {0x9e6, 0x9fe}, {0xa01, 0xa03},
	{0xa05, 0xa0a}, {0xa0f, 0xa10}, {0xa13, 0xa28}, {0xa2a, 0xa30}, {0xa32, 0xa33}, {0xa35, 0xa36},
	{0xa38, 0xa39}, {0xa3c, 0xa3c}, {0xa3e, 0xa42}, {0xa47, 0xa48}, {0xa4b, 0xa4d}, {0xa51, 0xa51},
	{0xa59, 0xa5c}, {0xa5e, 0xa5e}, {0xa66, 0xa76}, {0xa81, 0xa83}, {0xa85, 0xa8d}, {0xa8f, 0xa91},
	{0xa93, 0xaa8}, {0xaaa, 0xab0}, {0xab2, 0xab3}, {0xab5, 0xab9}, {0xabc, 0xac5}, {0xac7, 0xac9},
	{0xacb, 0xacd}, {0xad0, 0xad0}, {0xae0, 0xae3}, {0xae6, 0xaf1}, {0xaf9, 0xaff}, {0xb01, 0xb03},
	{0xb05, 0xb0c}, {0xb0f, 0xb10}, {0xb13, 0xb28}, {0xb2a, 0xb30}, {0xb32, 0xb33}, {0xb35, 0xb39},
	{0xb3c, 0xb44}, {0xb47, 0xb48}, {0xb4b, 0xb4d}, {0xb55, 0xb57}, {0xb5c, 0xb5d}, {0xb5f, 0xb63},
	{0xb66, 0xb77}, {0xb82, 0xb83}, {0xb85, 0xb8a}, {0xb8e, 0xb90}, {0xb92, 0xb95}, {0xb99, 0xb9a},
	{0xb9c, 0xb9c}, {0xb9e, 0xb9f}, {0xba3, 0xba4}, {0xba8, 0xbaa}, {0xbae, 0xbb9}, {0xbbe, 0xbc2},
	{0xbc6, 0xbc8}, {0xbca, 0xbcd}, {0xbd0, 0xbd0}, {0xbd7, 0xbd7}, {0xbe6, 0xbfa}, {0xc00, 0xc0c},
	{0xc0e, 0xc10}, {0xc12, 0xc28}, {0xc2a, 0xc39}, {0xc3c, 0xc44}, {0xc46, 0xc48}, {0xc4a, 0xc4d},
	{0xc55, 0xc56}, {0xc58, 0xc5a}, {0xc5d, 0xc5d}, {0xc60, 0xc63}, {0xc66, 0xc6f}, {0xc77, 0xc8c},
	{0xc8e, 0xc90}, {0xc92, 0xca8}, {0xcaa, 0xcb3}, {0xcb5, 0xcb9}, {0xcbc, 0xcc4}, {0xcc6, 0xcc8},
	{0xcca, 0xccd}, {0xcd5, 0xcd6}, {0xcdd, 0xcde}, {0xce0, 0xce3}, {0xce6, 0xcef}, {0xcf1, 0xcf3},
	{0xd00, 0xd0c}, {0xd0e, 0xd10}, {0xd12, 0xd44}, {0xd46, 0xd48}, {0xd4a, 0xd4f}, {0xd54, 0xd63},
	{0xd66, 0xd7f}, {0xd81, 0xd83}, {0xd85, 0xd96}, {0xd9a, 0xdb1}, {0xdb3, 0xdbb}, {0xdbd, 0xdbd},
	{0xdc0, 0xdc6}, {0xdca, 0xdca}, {0xdcf, 0xdd4}, {0xdd6, 0xdd6}, {0xdd8, 0xddf}, {0xde6, 0xdef},
	{0xdf2, 0xdf4}, {0xe01, 0xe3a}, {0xe3f, 0xe5b}, {0xe81, 0xe82}, {0xe84, 0xe84}, {0xe86, 0xe8a},
	{0xe8c, 0xea3}, {0xea5, 0xea5}, {0xea7, 0xebd}, {0xec0, 0xec4}, {0xec6, 0xec6}, {0xec8, 0xece},
	{0xed0, 0xed9}, {0xedc, 0xedf}, {0xf00, 0xf47}, {0xf49, 0xf6c}, {0xf71, 0xf97}, {0xf99, 0xfbc},
	{0xfbe, 0xfcc}, {0xfce, 0xfda}, {0x1000, 0x10c5}, {0x10c7, 0x10c7}, {0x10cd, 0x10cd}, {0x10d0, 0x1248},
	{0x124a, 0x124d}, {0x1250, 0x1256}, {0x1258, 0x1258}, {0x125a, 0x125d}, {0x1260, 0x1288}, {0x128a, 0x128d},
	{0x1290, 0x12b0}, {0x12b2, 0x12b5}, {0x12b8, 0x12be}, {0x12c0, 0x12c0}, {0x12c2, 0x12c5}, {0x12c8, 0x12d6},
	{0x12d8, 0x1310}, {0x1312, 0x1315}, {0x1318, 0x135a}, {0x135d, 0x137c}, {0x1380, 0x1399}, {0x13a0, 0x13f5},
	{0x13f8, 0x13fd}, {0x1400, 0x167f}, {0x1681, 0x169c}, {0x16a0, 0x16f8}, {0x1700, 0x1715}, {0x171f, 0x1736},
	{0x1740, 0x1753}, {0x1760, 0x176c}, {0x176e, 0x1770}, {0x1772, 0x1773}, {0x1780, 0x17dd}, {0x17e0, 0x17e9},
	{0x17f0, 0x17f9}, {0x1800, 0x180d}, {0x180f, 0x1819}, {0x1820, 0x1878}, {0x1880, 0x18aa}, {0x18b0, 0x18f5},
	{0x1900, 0x191e}, {0x1920, 0x192b}, {0x1930, 0x193b}, {0x1940, 0x1940}, {0x1944, 0x196d}, {0x1970, 0x1974},
	{0x1980, 0x19ab}, {0x19b0, 0x19c9}, {0x19d0, 0x19da}, {0x19de, 0x1a1b}, {0x1a1e, 0x1a5e}, {0x1a60, 0x1a7c},
	{0x1a7f, 0x1a89}, {0x1a90, 0x1a99}, {0x1aa0, 0x1aad}, {0x1ab0, 0x1ace}, {0x1b00, 0x1b4c}, {0x1b4e, 0x1bf3},
	{0x1bfc, 0x1c37}, {0x1c3b, 0x1c49}, {0x1c4d, 0x1c8a}, {0x1c90, 0x1cba}, {0x1cbd, 0x1cc7}, {0x1cd0, 0x1cfa},
	{0x1d00, 0x1f15}, {0x1f18, 0x1f1d}, {0x1f20, 0x1f45}, {0x1f48, 0x1f4d}, {0x1f50, 0x1f57}, {0x1f59, 0x1f59},
	{0x1f5b, 0x1f5b}, {0x1f5d, 0x1f5d}, {0x1f5f, 0x1f7d}, {0x1f80, 0x1fb4}, {0x1fb6, 0x1fc4}, {0x1fc6, 0x1fd3},
	{0x1fd6, 0x1fdb}, {0x1fdd, 0x1fef}, {0x1ff2, 0x1ff4}, {0x1ff6, 0x1ffe}, {0x2010, 0x2027}, {0x2030, 0x205e},
	{0x2070, 0x2071}, {0x2074, 0x208e}, {0x2090, 0x209c}, {0x20a0, 0x20c0}, {0x20d0, 0x20f0}, {0x2100, 0x218b},
	{0x2190, 0x2429}, {0x2440, 0x244a}, {0x2460, 0x2b73}, {0x2b76, 0x2b95}, {0x2b97, 0x2cf3}, {0x2cf9, 0x2d25},
	{0x2d27, 0x2d27}, {0x2d2d, 0x2d2d}, {0x2d30, 0x2d67}, {0x2d6f, 0x2d70}, {0x2d7f, 0x2d96}, {0x2da0, 0x2da6},
	{0x2da8, 0x2dae}, {0x2db0, 0x2db6}, {0x2db8, 0x2dbe}, {0x2dc0, 0x2dc6}, {0x2dc8, 0x2dce}, {0x2dd0, 0x2dd6},
	{0x2dd8, 0x2dde}, {0x2de0, 0x2e5d}, {0x2e80, 0x2e99}, {0x2e9b, 0x2ef3}, {0x2f00, 0x2fd5}, {0x2ff0, 0x2fff},
	{0x3001, 0x303f}, {0x3041, 0x3096}, {0x3099, 0x30ff}, {0x3105, 0x312f}, {0x3131, 0x318e}, {0x3190, 0x31e5},
	{0x31ef, 0x321e}, {0x3220, 0xa48c}, {0xa490, 0xa4c6}, {0xa4d0, 0xa62b}, {0xa640, 0xa6f7}, {0xa700, 0xa7cd},
	{0xa7d0, 0xa7d1}, {0xa7d3, 0xa7d3}, {0xa7d5, 0xa7dc}, {0xa7f2, 0xa82c}, {0xa830, 0xa839}, {0xa840, 0xa877},
	{0xa880, 0xa8c5}, {0xa8ce, 0xa8d9}, {0xa8e0, 0xa953}, {0xa95f, 0xa97c}, {0xa980, 0xa9cd}, {0xa9cf, 0xa9d9},
	{0xa9de, 0xa9fe}, {0xaa00, 0xaa36}, {0xaa40, 0xaa4d}, {0xaa50, 0xaa59}, {0xaa5c, 0xaac2}, {0xaadb, 0xaaf6},
	{0xab01, 0xab06}, {0xab09, 0xab0e}, {0xab11, 0xab16}, {0xab20, 0xab26}, {0xab28, 0xab2e}, {0xab30, 0xab6b},
	{0xab70, 0xabed}, {0xabf0, 0xabf9}, {0xac00, 0xd7a3}, {0xd7b0, 0xd7c6}, {0xd7cb, 0xd7fb}, {0xf900, 0xfa6d},
	{0xfa70, 0xfad9}, {0xfb00, 0xfb06}, {0xfb13, 0xfb17}, {0xfb1d, 0xfb36}, {0xfb38, 0xfb3c}, {0xfb3e, 0xfb3e},
	{0xfb40, 0xfb41}, {0xfb43, 0xfb44}, {0xfb46, 0xfbc2}, {0xfbd3, 0xfd8f}, {0xfd92, 0xfdc7}, {0xfdcf, 0xfdcf},
	{0xfdf0, 0xfe19}, {0xfe20, 0xfe52}, {0xfe54, 0xfe66}, {0xfe68, 0xfe6b}, {0xfe70, 0xfe74}, {0xfe76, 0xfefc},
	{0xff01, 0xffbe}, {0xffc2, 0xffc7}, {0xffca, 0xffcf}, {0xffd2, 0xffd7}, {0xffda, 0xffdc}, {0xffe0, 0xffe6},
	{0xffe8, 0xffee}, {0xfffc, 0xfffd}, {0x10000, 0x1000b}, {0x1000d, 0x10026}, {0x10028, 0x1003a}, {0x1003c, 0x1003d},
	{0x1003f, 0x1004d}, {0x10050, 0x1005d}, {0x10080, 0x100fa}, {0x10100, 0x10102}, {0x10107, 0x10133}, {0x10137, 0x1018e},
	{0x10190, 0x1019c}, {0x101a0, 0x101a0}, {0x101d0, 0x101fd}, {0x10280, 0x1029c}, {0x102a0, 0x102d0}, {0x102e0, 0x102fb},
	{0x10300, 0x10323}, {0x1032d, 0x1034a}, {0x10350, 0x1037a}, {0x10380, 0x1039d}, {0x1039f, 0x103c3}, {0x103c8, 0x103d5},
	{0x10400, 0x1049d}, {0x104a0, 0x104a9}, {0x104b0, 0x104d3}, {0x104d8, 0x104fb}, {0x10500, 0x10527}, {0x10530, 0x10563},
	{0x1056f, 0x1057a}, {0x1057c, 0x1058a}, {0x1058c, 0x10592}, {0x10594, 0x10595}, {0x10597, 0x105a1}, {0x105a3, 0x105b1},
	{0x105b3, 0x105b9}, {0x105bb, 0x105bc}, {0x105c0, 0x105f3}, {0x10600, 0x10736}, {0x10740, 0x10755}, {0x10760, 0x10767},
	{0x10780, 0x10785}, {0x10787, 0x107b0}, {0x107b2, 0x107ba}, {0x10800, 0x10805}, {0x10808, 0x10808}, {0x1080a, 0x10835},
	{0x10837, 0x10838}, {0x1083c, 0x1083c}, {0x1083f, 0x10855}, {0x10857, 0x1089e}, {0x108a7, 0x108af}, {0x108e0, 0x108f2},
	{0x108f4, 0x108f5}, {0x108fb, 0x1091b}, {0x1091f, 0x10939}, {0x1093f, 0x1093f}, {0x10980, 0x109b7}, {0x109bc, 0x109cf},
	{0x109d2, 0x10a03}, {0x10a05, 0x10a06}, {0x10a0c, 0x10a13}, {0x10a15, 0x10a17}, {0x10a19, 0x10a35}, {0x10a38, 0x10a3a},
	{0x10a3f, 0x10a48}, {0x10a50, 0x10a58}, {0x10a60, 0x10a9f}, {0x10ac0, 0x10ae6}, {0x10aeb, 0x10af6}, {0x10b00, 0x10b35},
	{0x10b39, 0x10b55}, {0x10b58, 0x10b72}, {0x10b78, 0x10b91}, {0x10b99, 0x10b9c}, {0x10ba9, 0x10baf}, {0x10c00, 0x10c48},
	{0x10c80, 0x10cb2}, {0x10cc0, 0x10cf2}, {0x10cfa, 0x10d27}, {0x10d30, 0x10d39}, {0x10d40, 0x10d65}, {0x10d69, 0x10d85},
	{0x10d8e, 0x10d8f}, {0x10e60, 0x10e7e}, {0x10e80, 0x10ea9}, {0x10eab, 0x10ead}, {0x10eb0, 0x10eb1}, {0x10ec2, 0x10ec4},
	{0x10efc, 0x10f27}, {0x10f30, 0x10f59}, {0x10f70, 0x10f89}, {0x10fb0, 0x10fcb}, {0x10fe0, 0x10ff6}, {0x11000, 0x1104d},
	{0x11052, 0x11075}, {0x1107f, 0x110bc}, {0x110be, 0x110c2}, {0x110d0, 0x110e8}, {0x110f0, 0x110f9}, {0x11100, 0x11134},
	{0x11136, 0x11147}, {0x11150, 0x11176}, {0x11180, 0x111df}, {0x111e1, 0x111f4}, {0x11200, 0x11211}, {0x11213, 0x11241},
	{0x11280, 0x11286}, {0x11288, 0x11288}, {0x1128a, 0x1128d}, {0x1128f, 0x1129d}, {0x1129f, 0x112a9}, {0x112b0, 0x112ea},
	{0x112f0, 0x112f9}, {0x11300, 0x11303}, {0x11305, 0x1130c}, {0x1130f, 0x11310}, {0x11313, 0x11328}, {0x1132a, 0x11330},
	{0x11332, 0x11333}, {0x11335, 0x11339}, {0x1133b, 0x11344}, {0x11347, 0x11348}, {0x1134b, 0x1134d}, {0x11350, 0x11350},
	{0x11357, 0x11357}, {0x1135d, 0x11363}, {0x11366, 0x1136c}, {0x11370, 0x11374}, {0x11380, 0x11389}, {0x1138b, 0x1138b},
	{0x1138e, 0x1138e}, {0x11390, 0x113b5}, {0x113b7, 0x113c0}, {0x113c2, 0x113c2}, {0x113c5, 0x113c5}, {0x113c7, 0x113ca},
	{0x113cc, 0x113d5}, {0x113d7, 0x113d8}, {0x113e1, 0x113e2}, {0x11400, 0x1145b}, {0x1145d, 0x11461}, {0x11480, 0x114c7},
	{0x114d0, 0x114d9}, {0x11580, 0x115b5}, {0x115b8, 0x115dd}, {0x11600, 0x11644}, {0x11650, 0x11659}, {0x11660, 0x1166c},
	{0x11680, 0x116b9}, {0x116c0, 0x116c9}, {0x116d0, 0x116e3}, {0x11700, 0x1171a}, {0x1171d, 0x1172b}, {0x11730, 0x11746},
	{0x11800, 0x1183b}, {0x118a0, 0x118f2}, {0x118ff, 0x11906}, {0x11909, 0x11909}, {0x1190c, 0x11913}, {0x11915, 0x11916},
	{0x11918, 0x11935}, {0x11937, 0x11938}, {0x1193b, 0x11946}, {0x11950, 0x11959}, {0x119a0, 0x119a7}, {0x119aa, 0x119d7},
	{0x119da, 0x119e4}, {0x11a00, 0x11a47}, {0x11a50, 0x11aa2}, {0x11ab0, 0x11af8}, {0x11b00, 0x11b09}, {0x11bc0, 0x11be1},
	{0x11bf0, 0x11bf9}, {0x11c00, 0x11c08}, {0x11c0a, 0x11c36}, {0x11c38, 0x11c45}, {0x11c50, 0x11c6c}, {0x11c70, 0x11c8f},
	{0x11c92, 0x11ca7}, {0x11ca9, 0x11cb6}, {0x11d00, 0x11d06}, {0x11d08, 0x11d09}, {0x11d0b, 0x11d36}, {0x11d3a, 0x11d3a},
	{0x11d3c, 0x11d3d}, {0x11d3f, 0x11d47}, {0x11d50, 0x11d59}, {0x11d60, 0x11d65}, {0x11d67, 0x11d68}, {0x11d6a, 0x11d8e},
	{0x11d90, 0x11d91}, {0x11d93, 0x11d98}, {0x11da0, 0x11da9}, {0x11ee0, 0x11ef8}, {0x11f00, 0x11f10}, {0x11f12, 0x11f3a},
	{0x11f3e, 0x11f5a}, {0x11fb0, 0x11fb0}, {0x11fc0, 0x11ff1}, {0x11fff, 0x12399}, {0x12400, 0x1246e}, {0x12470, 0x12474},
	{0x12480, 0x12543}, {0x12f90, 0x12ff2}, {0x13000, 0x1342f}, {0x13440, 0x13455}, {0x13460, 0x143fa}, {0x14400, 0x14646},
	{0x16100, 0x16139}, {0x16800, 0x16a38}, {0x16a40, 0x16a5e}, {0x16a60, 0x16a69}, {0x16a6e, 0x16abe}, {0x16ac0, 0x16ac9},
	{0x16ad0, 0x16aed}, {0x16af0, 0x16af5}, {0x16b00, 0x16b45}, {0x16b50, 0x16b59}, {0x16b5b, 0x16b61}, {0x16b63, 0x16b77},
	{0x16b7d, 0x16b8f}, {0x16d40, 0x16d79}, {0x16e40, 0x16e9a}, {0x16f00, 0x16f4a}, {0x16f4f, 0x16f87}, {0x16f8f, 0x16f9f},
	{0x16fe0, 0x16fe4}, {0x16ff0, 0x16ff1}, {0x17000, 0x187f7}, {0x18800, 0x18cd5}, {0x18cff, 0x18d08}, {0x1aff0, 0x1aff3},
	{0x1aff5, 0x1affb}, {0x1affd, 0x1affe}, {0x1b000, 0x1b122}, {0x1b132, 0x1b132}, {0x1b150, 0x1b152}, {0x1b155, 0x1b155},
	{0x1b164, 0x1b167}, {0x1b170, 0x1b2fb}, {0x1bc00, 0x1bc6a}, {0x1bc70, 0x1bc7c}, {0x1bc80, 0x1bc88}, {0x1bc90, 0x1bc99},
	{0x1bc9c, 0x1bc9f}, {0x1cc00, 0x1ccf9}, {0x1cd00, 0x1ceb3}, {0x1cf00, 0x1cf2d}, {0x1cf30, 0x1cf46}, {0x1cf50, 0x1cfc3},
	{0x1d000, 0x1d0f5}, {0x1d100, 0x1d126}, {0x1d129, 0x1d172}, {0x1d17b, 0x1d1ea}, {0x1d200, 0x1d245}, {0x1d2c0, 0x1d2d3},
	{0x1d2e0, 0x1d2f3}, {0x1d300, 0x1d356}, {0x1d360, 0x1d378}, {0x1d400, 0x1d454}, {0x1d456, 0x1d49c}, {0x1d49e, 0x1d49f},
	{0x1d4a2, 0x1d4a2}, {0x1d4a5, 0x1d4a6}, {0x1d4a9, 0x1d4ac}, {0x1d4ae, 0x1d4b9}, {0x1d4bb, 0x1d4bb}, {0x1d4bd, 0x1d4c3},
	{0x1d4c5, 0x1d505}, {0x1d507, 0x1d50a}, {0x1d50d, 0x1d514}, {0x1d516, 0x1d51c}, {0x1d51e, 0x1d539}, {0x1d53b, 0x1d53e},
	{0x1d540, 0x1d544}, {0x1d546, 0x1d546}, {0x1d54a, 0x1d550}, {0x1d552, 0x1d6a5}, {0x1d6a8, 0x1d7cb}, {0x1d7ce, 0x1da8b},
	{0x1da9b, 0x1da9f}, {0x1daa1, 0x1daaf}, {0x1df00, 0x1df1e}, {0x1df25, 0x1df2a}, {0x1e000, 0x1e006}, {0x1e008, 0x1e018},
	{0x1e01b, 0x1e021}, {0x1e023, 0x1e024}, {0x1e026, 0x1e02a}, {0x1e030, 0x1e06d}, {0x1e08f, 0x1e08f}, {0x1e100, 0x1e12c},
	{0x1e130, 0x1e13d}, {0x1e140, 0x1e149}, {0x1e14e, 0x1e14f}, {0x1e290, 0x1e2ae}, {0x1e2c0, 0x1e2f9}, {0x1e2ff, 0x1e2ff},
	{0x1e4d0, 0x1e4f9}, {0x1e5d0, 0x1e5fa}, {0x1e5ff, 0x1e5ff}, {0x1e7e0, 0x1e7e6}, {0x1e7e8, 0x1e7eb}, {0x1e7ed, 0x1e7ee},
	{0x1e7f0, 0x1e7fe}, {0x1e800, 0x1e8c4}, {0x1e8c7, 0x1e8d6}, {0x1e900, 0x1e94b}, {0x1e950, 0x1e959}, {0x1e95e, 0x1e95f},
	{0x1ec71, 0x1ecb4}, {0x1ed01, 0x1ed3d}, {0x1ee00, 0x1ee03}, {0x1ee05, 0x1ee1f}, {0x1ee21, 0x1ee22}, {0x1ee24, 0x1ee24},
	{0x1ee27, 0x1ee27}, {0x1ee29, 0x1ee32}, {0x1ee34, 0x1ee37}, {0x1ee39, 0x1ee39}, {0x1ee3b, 0x1ee3b}, {0x1ee42, 0x1ee42},
	{0x1ee47, 0x1ee47}, {0x1ee49, 0x1ee49}, {0x1ee4b, 0x1ee4b}, {0x1ee4d, 0x1ee4f}, {0x1ee51, 0x1ee52}, {0x1ee54, 0x1ee54},
	{0x1ee57, 0x1ee57}, {0x1ee59, 0x1ee59}, {0x1ee5b, 0x1ee5b}, {0x1ee5d, 0x1ee5d}, {0x1ee5f, 0x1ee5f}, {0x1ee61, 0x1ee62},
	{0x1ee64, 0x1ee64}, {0x1ee67, 0x1ee6a}, {0x1ee6c, 0x1ee72}, {0x1ee74, 0x1ee77}, {0x1ee79, 0x1ee7c}, {0x1ee7e, 0x1ee7e},
	{0x1ee80, 0x1ee89}, {0x1ee8b, 0x1ee9b}, {0x1eea1, 0x1eea3}, {0x1eea5, 0x1eea9}, {0x1eeab, 0x1eebb}, {0x1eef0, 0x1eef1},
	{0x1f000, 0x1f02b}, {0x1f030, 0x1f093}, {0x1f0a0, 0x1f0ae}, {0x1f0b1, 0x1f0bf}, {0x1f0c1, 0x1f0cf}, {0x1f0d1, 0x1f0f5},
	{0x1f100, 0x1f1ad}, {0x1f1e6, 0x1f202}, {0x1f210, 0x1f23b}, {0x1f240, 0x1f248}, {0x1f250, 0x1f251}, {0x1f260, 0x1f265},
	{0x1f300, 0x1f6d7}, {0x1f6dc, 0x1f6ec}, {0x1f6f0, 0x1f6fc}, {0x1f700, 0x1f776}, {0x1f77b, 0x1f7d9}, {0x1f7e0, 0x1f7eb},
	{0x1f7f0, 0x1f7f0}, {0x1f800, 0x1f80b}, {0x1f810, 0x1f847}, {0x1f850, 0x1f859}, {0x1f860, 0x1f887}, {0x1f890, 0x1f8ad},
	{0x1f8b0, 0x1f8bb}, {0x1f8c0, 0x1f8c1}, {0x1f900, 0x1fa53}, {0x1fa60, 0x1fa6d}, {0x1fa70, 0x1fa7c}, {0x1fa80, 0x1fa89},
	{0x1fa8f, 0x1fac6}, {0x1face, 0x1fadc}, {0x1fadf, 0x1fae9}, {0x1faf0, 0x1faf8}, {0x1fb00, 0x1fb92}, {0x1fb94, 0x1fbf9},
	{0x20000, 0x2a6df}, {0x2a700, 0x2b739}, {0x2b740, 0x2b81d}, {0x2b820, 0x2cea1}, {0x2ceb0, 0x2ebe0}, {0x2ebf0, 0x2ee5d},
	{0x2f800, 0x2fa1d}, {0x30000, 0x3134a}, {0x31350, 0x323af}, {0xe0100, 0xe01ef},
}

var tabIDStart = []rangeTab{
	{0x41, 0x5a}, {0x5f, 0x5f}, {0x61, 0x7a}, {0xaa, 0xaa}, {0xb5, 0xb5}, {0xba, 0xba},
	{0xc0, 0xd6}, {0xd8, 0xf6}, {0xf8, 0x2c1}, {0x2c6, 0x2d1}, {0x2e0, 0x2e4}, {0x2ec, 0x2ec},
	{0x2ee, 0x2ee}, {0x370, 0x374}, {0x376, 0x377}, {0x37b, 0x37d}, {0x37f, 0x37f}, {0x386, 0x386},
	{0x388, 0x38a}, {0x38c, 0x38c}, {0x38e, 0x3a1}, {0x3a3, 0x3f5}, {0x3f7, 0x481}, {0x48a, 0x52f},
	{0x531, 0x556}, {0x559, 0x559}, {0x560, 0x588}, {0x5d0, 0x5ea}, {0x5ef, 0x5f2}, {0x620, 0x64a},
	{0x66e, 0x66f}, {0x671, 0x6d3}, {0x6d5, 0x6d5}, {0x6e5, 0x6e6}, {0x6ee, 0x6ef}, {0x6fa, 0x6fc},
	{0x6ff, 0x6ff}, {0x710, 0x710}, {0x712, 0x72f}, {0x74d, 0x7a5}, {0x7b1, 0x7b1}, {0x7ca, 0x7ea},
	{0x7f4, 0x7f5}, {0x7fa, 0x7fa}, {0x800, 0x815}, {0x81a, 0x81a}, {0x824, 0x824}, {0x828, 0x828},
	{0x840, 0x858}, {0x860, 0x86a}, {0x870, 0x887}, {0x889, 0x88e}, {0x8a0, 0x8c9}, {0x904, 0x939},
	{0x93d, 0x93d}, {0x950, 0x950}, {0x958, 0x961}, {0x971, 0x980}, {0x985, 0x98c}, {0x98f, 0x990},
	{0x993, 0x9a8}, {0x9aa, 0x9b0}, {0x9b2, 0x9b2}, {0x9b6, 0x9b9}, {0x9bd, 0x9bd}, {0x9ce, 0x9ce},
	{0x9dc, 0x9dd}, {0x9df, 0x9e1}, {0x9f0, 0x9f1}, {0x9fc, 0x9fc}, {0xa05, 0xa0a}, {0xa0f, 0xa10},
	{0xa13, 0xa28}, {0xa2a, 0xa30}, {0xa32, 0xa33}, {0xa35, 0xa36}, {0xa38, 0xa39}, {0xa59, 0xa5c},
	{0xa5e, 0xa5e}, {0xa72, 0xa74}, {0xa85, 0xa8d}, {0xa8f, 0xa91}, {0xa93, 0xaa8}, {0xaaa, 0xab0},
	{0xab2, 0xab3}, {0xab5, 0xab9}, {0xabd, 0xabd}, {0xad0, 0xad0}, {0xae0, 0xae1}, {0xaf9, 0xaf9},
	{0xb05, 0xb0c}, {0xb0f, 0xb10}, {0xb13, 0xb28}, {0xb2a, 0xb30}, {0xb32, 0xb33}, {0xb35, 0xb39},
	{0xb3d, 0xb3d}, {0xb5c, 0xb5d}, {0xb5f, 0xb61}, {0xb71, 0xb71}, {0xb83, 0xb83}, {0xb85, 0xb8a},
	{0xb8e, 0xb90}, {0xb92, 0xb95}, {0xb99, 0xb9a}, {0xb9c, 0xb9c}, {0xb9e, 0xb9f}, {0xba3, 0xba4},
	{0xba8, 0xbaa}, {0xbae, 0xbb9}, {0xbd0, 0xbd0}, {0xc05, 0xc0c}, {0xc0e, 0xc10}, {0xc12, 0xc28},
	{0xc2a, 0xc39}, {0xc3d, 0xc3d}, {0xc58, 0xc5a}, {0xc5d, 0xc5d}, {0xc60, 0xc61}, {0xc80, 0xc80},
	{0xc85, 0xc8c}, {0xc8e, 0xc90}, {0xc92, 0xca8}, {0xcaa, 0xcb3}, {0xcb5, 0xcb9}, {0xcbd, 0xcbd},
	{0xcdd, 0xcde}, {0xce0, 0xce1}, {0xcf1, 0xcf2}, {0xd04, 0xd0c}, {0xd0e, 0xd10}, {0xd12, 0xd3a},
	{0xd3d, 0xd3d}, {0xd4e, 0xd4e}, {0xd54, 0xd56}, {0xd5f, 0xd61}, {0xd7a, 0xd7f}, {0xd85, 0xd96},
	{0xd9a, 0xdb1}, {0xdb3, 0xdbb}, {0xdbd, 0xdbd}, {0xdc0, 0xdc6}, {0xe01, 0xe30}, {0xe32, 0xe32},
	{0xe40, 0xe46}, {0xe81, 0xe82}, {0xe84, 0xe84}, {0xe86, 0xe8a}, {0xe8c, 0xea3}, {0xea5, 0xea5},
	{0xea7, 0xeb0}, {0xeb2, 0xeb2}, {0xebd, 0xebd}, {0xec0, 0xec4}, {0xec6, 0xec6}, {0xedc, 0xedf},
	{0xf00, 0xf00}, {0xf40, 0xf47}, {0xf49, 0xf6c}, {0xf88, 0xf8c}, {0x1000, 0x102a}, {0x103f, 0x103f},
	{0x1050, 0x1055}, {0x105a, 0x105d}, {0x1061, 0x1061}, {0x1065, 0x1066}, {0x106e, 0x1070}, {0x1075, 0x1081},
	{0x108e, 0x108e}, {0x10a0, 0x10c5}, {0x10c7, 0x10c7}, {0x10cd, 0x10cd}, {0x10d0, 0x10fa}, {0x10fc, 0x1248},
	{0x124a, 0x124d}, {0x1250, 0x1256}, {0x1258, 0x1258}, {0x125a, 0x125d}, {0x1260, 0x1288}, {0x128a, 0x128d},
	{0x1290, 0x12b0}, {0x12b2, 0x12b5}, {0x12b8, 0x12be}, {0x12c0, 0x12c0}, {0x12c2, 0x12c5}, {0x12c8, 0x12d6},
	{0x12d8, 0x1310}, {0x1312, 0x1315}, {0x1318, 0x135a}, {0x1380, 0x138f}, {0x13a0, 0x13f5}, {0x13f8, 0x13fd},
	{0x1401, 0x166c}, {0x166f, 0x167f}, {0x1681, 0x169a}, {0x16a0, 0x16ea}, {0x16ee, 0x16f8}, {0x1700, 0x1711},
	{0x171f, 0x1731}, {0x1740, 0x1751}, {0x1760, 0x176c}, {0x176e, 0x1770}, {0x1780, 0x17b3}, {0x17d7, 0x17d7},
	{0x17dc, 0x17dc}, {0x1820, 0x1878}, {0x1880, 0x18a8}, {0x18aa, 0x18aa}, {0x18b0, 0x18f5}, {0x1900, 0x191e},
	{0x1950, 0x196d}, {0x1970, 0x1974}, {0x1980, 0x19ab}, {0x19b0, 0x19c9}, {0x1a00, 0x1a16}, {0x1a20, 0x1a54},
	{0x1aa7, 0x1aa7}, {0x1b05, 0x1b33}, {0x1b45, 0x1b4c}, {0x1b83, 0x1ba0}, {0x1bae, 0x1baf}, {0x1bba, 0x1be5},
	{0x1c00, 0x1c23}, {0x1c4d, 0x1c4f}, {0x1c5a, 0x1c7d}, {0x1c80, 0x1c8a}, {0x1c90, 0x1cba}, {0x1cbd, 0x1cbf},
	{0x1ce9, 0x1cec}, {0x1cee, 0x1cf3}, {0x1cf5, 0x1cf6}, {0x1cfa, 0x1cfa}, {0x1d00, 0x1dbf}, {0x1e00, 0x1f15},
	{0x1f18, 0x1f1d}, {0x1f20, 0x1f45}, {0x1f48, 0x1f4d}, {0x1f50, 0x1f57}, {0x1f59, 0x1f59}, {0x1f5b, 0x1f5b},
	{0x1f5d, 0x1f5d}, {0x1f5f, 0x1f7d}, {0x1f80, 0x1fb4}, {0x1fb6, 0x1fbc}, {0x1fbe, 0x1fbe}, {0x1fc2, 0x1fc4},
	{0x1fc6, 0x1fcc}, {0x1fd0, 0x1fd3}, {0x1fd6, 0x1fdb}, {0x1fe0, 0x1fec}, {0x1ff2, 0x1ff4}, {0x1ff6, 0x1ffc},
	{0x2071, 0x2071}, {0x207f, 0x207f}, {0x2090, 0x209c}, {0x2102, 0x2102}, {0x2107, 0x2107}, {0x210a, 0x2113},
	{0x2115, 0x2115}, {0x2118, 0x211d}, {0x2124, 0x2124}, {0x2126, 0x2126}, {0x2128, 0x2128}, {0x212a, 0x2139},
	{0x213c, 0x213f}, {0x2145, 0x2149}, {0x214e, 0x214e}, {0x2160, 0x2188}, {0x2c00, 0x2ce4}, {0x2ceb, 0x2cee},
	{0x2cf2, 0x2cf3}, {0x2d00, 0x2d25}, {0x2d27, 0x2d27}, {0x2d2d, 0x2d2d}, {0x2d30, 0x2d67}, {0x2d6f, 0x2d6f},
	{0x2d80, 0x2d96}, {0x2da0, 0x2da6}, {0x2da8, 0x2dae}, {0x2db0, 0x2db6}, {0x2db8, 0x2dbe}, {0x2dc0, 0x2dc6},
	{0x2dc8, 0x2dce}, {0x2dd0, 0x2dd6}, {0x2dd8, 0x2dde}, {0x3005, 0x3007}, {0x3021, 0x3029}, {0x3031, 0x3035},
	{0x3038, 0x303c}, {0x3041, 0x3096}, {0x309d, 0x309f}, {0x30a1, 0x30fa}, {0x30fc, 0x30ff}, {0x3105, 0x312f},
	{0x3131, 0x318e}, {0x31a0, 0x31bf}, {0x31f0, 0x31ff}, {0x3400, 0x4dbf}, {0x4e00, 0xa48c}, {0xa4d0, 0xa4fd},
	{0xa500, 0xa60c}, {0xa610, 0xa61f}, {0xa62a, 0xa62b}, {0xa640, 0xa66e}, {0xa67f, 0xa69d}, {0xa6a0, 0xa6ef},
	{0xa717, 0xa71f}, {0xa722, 0xa788}, {0xa78b, 0xa7cd}, {0xa7d0, 0xa7d1}, {0xa7d3, 0xa7d3}, {0xa7d5, 0xa7dc},
	{0xa7f2, 0xa801}, {0xa803, 0xa805}, {0xa807, 0xa80a}, {0xa80c, 0xa822}, {0xa840, 0xa873}, {0xa882, 0xa8b3},
	{0xa8f2, 0xa8f7}, {0xa8fb, 0xa8fb}, {0xa8fd, 0xa8fe}, {0xa90a, 0xa925}, {0xa930, 0xa946}, {0xa960, 0xa97c},
	{0xa984, 0xa9b2}, {0xa9cf, 0xa9cf}, {0xa9e0, 0xa9e4}, {0xa9e6, 0xa9ef}, {0xa9fa, 0xa9fe}, {0xaa00, 0xaa28},
	{0xaa40, 0xaa42}, {0xaa44, 0xaa4b}, {0xaa60, 0xaa76}, {0xaa7a, 0xaa7a}, {0xaa7e, 0xaaaf}, {0xaab1, 0xaab1},
	{0xaab5, 0xaab6}, {0xaab9, 0xaabd}, {0xaac0, 0xaac0}, {0xaac2, 0xaac2}, {0xaadb, 0xaadd}, {0xaae0, 0xaaea},
	{0xaaf2, 0xaaf4}, {0xab01, 0xab06}, {0xab09, 0xab0e}, {0xab11, 0xab16}, {0xab20, 0xab26}, {0xab28, 0xab2e},
	{0xab30, 0xab5a}, {0xab5c, 0xab69}, {0xab70, 0xabe2}, {0xac00, 0xd7a3}, {0xd7b0, 0xd7c6}, {0xd7cb, 0xd7fb},
	{0xf900, 0xfa6d}, {0xfa70, 0xfad9}, {0xfb00, 0xfb06}, {0xfb13, 0xfb17}, {0xfb1d, 0xfb1d}, {0xfb1f, 0xfb28},
	{0xfb2a, 0xfb36}, {0xfb38, 0xfb3c}, {0xfb3e, 0xfb3e}, {0xfb40, 0xfb41}, {0xfb43, 0xfb44}, {0xfb46, 0xfbb1},
	{0xfbd3, 0xfc5d}, {0xfc64, 0xfd3d}, {0xfd50, 0xfd8f}, {0xfd92, 0xfdc7}, {0xfdf0, 0xfdf9}, {0xfe71, 0xfe71},
	{0xfe73, 0xfe73}, {0xfe77, 0xfe77}, {0xfe79, 0xfe79}, {0xfe7b, 0xfe7b}, {0xfe7d, 0xfe7d}, {0xfe7f, 0xfefc},
	{0xff21, 0xff3a}, {0xff41, 0xff5a}, {0xff66, 0xff9d}, {0xffa0, 0xffbe}, {0xffc2, 0xffc7}, {0xffca, 0xffcf},
	{0xffd2, 0xffd7}, {0xffda, 0xffdc}, {0x10000, 0x1000b}, {0x1000d, 0x10026}, {0x10028, 0x1003a}, {0x1003c, 0x1003d},
	{0x1003f, 0x1004d}, {0x10050, 0x1005d}, {0x10080, 0x100fa}, {0x10140, 0x10174}, {0x10280, 0x1029c}, {0x102a0, 0x102d0},
	{0x10300, 0x1031f}, {0x1032d, 0x1034a}, {0x10350, 0x10375}, {0x10380, 0x1039d}, {0x103a0, 0x103c3}, {0x103c8, 0x103cf},
	{0x103d1, 0x103d5}, {0x10400, 0x1049d}, {0x104b0, 0x104d3}, {0x104d8, 0x104fb}, {0x10500, 0x10527}, {0x10530, 0x10563},
	{0x10570, 0x1057a}, {0x1057c, 0x1058a}, {0x1058c, 0x10592}, {0x10594, 0x10595}, {0x10597, 0x105a1}, {0x105a3, 0x105b1},
	{0x105b3, 0x105b9}, {0x105bb, 0x105bc}, {0x105c0, 0x105f3}, {0x10600, 0x10736}, {0x10740, 0x10755}, {0x10760, 0x10767},
	{0x10780, 0x10785}, {0x10787, 0x107b0}, {0x107b2, 0x107ba}, {0x10800, 0x10805}, {0x10808, 0x10808}, {0x1080a, 0x10835},
	{0x10837, 0x10838}, {0x1083c, 0x1083c}, {0x1083f, 0x10855}, {0x10860, 0x10876}, {0x10880, 0x1089e}, {0x108e0, 0x108f2},
	{0x108f4, 0x108f5}, {0x10900, 0x10915}, {0x10920, 0x10939}, {0x10980, 0x109b7}, {0x109be, 0x109bf}, {0x10a00, 0x10a00},
	{0x10a10, 0x10a13}, {0x10a15, 0x10a17}, {0x10a19, 0x10a35}, {0x10a60, 0x10a7c}, {0x10a80, 0x10a9c}, {0x10ac0, 0x10ac7},
	{0x10ac9, 0x10ae4}, {0x10b00, 0x10b35}, {0x10b40, 0x10b55}, {0x10b60, 0x10b72}, {0x10b80, 0x10b91}, {0x10c00, 0x10c48},
	{0x10c80, 0x10cb2}, {0x10cc0, 0x10cf2}, {0x10d00, 0x10d23}, {0x10d4a, 0x10d65}, {0x10d6f, 0x10d85}, {0x10e80, 0x10ea9},
	{0x10eb0, 0x10eb1}, {0x10ec2, 0x10ec4}, {0x10f00, 0x10f1c}, {0x10f27, 0x10f27}, {0x10f30, 0x10f45}, {0x10f70, 0x10f81},
	{0x10fb0, 0x10fc4}, {0x10fe0, 0x10ff6}, {0x11003, 0x11037}, {0x11071, 0x11072}, {0x11075, 0x11075}, {0x11083, 0x110af},
	{0x110d0, 0x110e8}, {0x11103, 0x11126}, {0x11144, 0x11144}, {0x11147, 0x11147}, {0x11150, 0x11172}, {0x11176, 0x11176},
	{0x11183, 0x111b2}, {0x111c1, 0x111c4}, {0x111da, 0x111da}, {0x111dc, 0x111dc}, {0x11200, 0x11211}, {0x11213, 0x1122b},
	{0x1123f, 0x11240}, {0x11280, 0x11286}, {0x11288, 0x11288}, {0x1128a, 0x1128d}, {0x1128f, 0x1129d}, {0x1129f, 0x112a8},
	{0x112b0, 0x112de}, {0x11305, 0x1130c}, {0x1130f, 0x11310}, {0x11313, 0x11328}, {0x1132a, 0x11330}, {0x11332, 0x11333},
	{0x11335, 0x11339}, {0x1133d, 0x1133d}, {0x11350, 0x11350}, {0x1135d, 0x11361}, {0x11380, 0x11389}, {0x1138b, 0x1138b},
	{0x1138e, 0x1138e}, {0x11390, 0x113b5}, {0x113b7, 0x113b7}, {0x113d1, 0x113d1}, {0x113d3, 0x113d3}, {0x11400, 0x11434},
	{0x11447, 0x1144a}, {0x1145f, 0x11461}, {0x11480, 0x114af}, {0x114c4, 0x114c5}, {0x114c7, 0x114c7}, {0x11580, 0x115ae},
	{0x115d8, 0x115db}, {0x11600, 0x1162f}, {0x11644, 0x11644}, {0x11680, 0x116aa}, {0x116b8, 0x116b8}, {0x11700, 0x1171a},
	{0x11740, 0x11746}, {0x11800, 0x1182b}, {0x118a0, 0x118df}, {0x118ff, 0x11906}, {0x11909, 0x11909}, {0x1190c, 0x11913},
	{0x11915, 0x11916}, {0x11918, 0x1192f}, {0x1193f, 0x1193f}, {0x11941, 0x11941}, {0x119a0, 0x119a7}, {0x119aa, 0x119d0},
	{0x119e1, 0x119e1}, {0x119e3, 0x119e3}, {0x11a00, 0x11a00}, {0x11a0b, 0x11a32}, {0x11a3a, 0x11a3a}, {0x11a50, 0x11a50},
	{0x11a5c, 0x11a89}, {0x11a9d, 0x11a9d}, {0x11ab0, 0x11af8}, {0x11bc0, 0x11be0}, {0x11c00, 0x11c08}, {0x11c0a, 0x11c2e},
	{0x11c40, 0x11c40}, {0x11c72, 0x11c8f}, {0x11d00, 0x11d06}, {0x11d08, 0x11d09}, {0x11d0b, 0x11d30}, {0x11d46, 0x11d46},
	{0x11d60, 0x11d65}, {0x11d67, 0x11d68}, {0x11d6a, 0x11d89}, {0x11d98, 0x11d98}, {0x11ee0, 0x11ef2}, {0x11f02, 0x11f02},
	{0x11f04, 0x11f10}, {0x11f12, 0x11f33}, {0x11fb0, 0x11fb0}, {0x12000, 0x12399}, {0x12400, 0x1246e}, {0x12480, 0x12543},
	{0x12f90, 0x12ff0}, {0x13000, 0x1342f}, {0x13441, 0x13446}, {0x13460, 0x143fa}, {0x14400, 0x14646}, {0x16100, 0x1611d},
	{0x16800, 0x16a38}, {0x16a40, 0x16a5e}, {0x16a70, 0x16abe}, {0x16ad0, 0x16aed}, {0x16b00, 0x16b2f}, {0x16b40, 0x16b43},
	{0x16b63, 0x16b77}, {0x16b7d, 0x16b8f}, {0x16d40, 0x16d6c}, {0x16e40, 0x16e7f}, {0x16f00, 0x16f4a}, {0x16f50, 0x16f50},
	{0x16f93, 0x16f9f}, {0x16fe0, 0x16fe1}, {0x16fe3, 0x16fe3}, {0x17000, 0x187f7}, {0x18800, 0x18cd5}, {0x18cff, 0x18d08},
	{0x1aff0, 0x1aff3}, {0x1aff5, 0x1affb}, {0x1affd, 0x1affe}, {0x1b000, 0x1b122}, {0x1b132, 0x1b132}, {0x1b150, 0x1b152},
	{0x1b155, 0x1b155}, {0x1b164, 0x1b167}, {0x1b170, 0x1b2fb}, {0x1bc00, 0x1bc6a}, {0x1bc70, 0x1bc7c}, {0x1bc80, 0x1bc88},
	{0x1bc90, 0x1bc99}, {0x1d400, 0x1d454}, {0x1d456, 0x1d49c}, {0x1d49e, 0x1d49f}, {0x1d4a2, 0x1d4a2}, {0x1d4a5, 0x1d4a6},
	{0x1d4a9, 0x1d4ac}, {0x1d4ae, 0x1d4b9}, {0x1d4bb, 0x1d4bb}, {0x1d4bd, 0x1d4c3}, {0x1d4c5, 0x1d505}, {0x1d507, 0x1d50a},
	{0x1d50d, 0x1d514}, {0x1d516, 0x1d51c}, {0x1d51e, 0x1d539}, {0x1d53b, 0x1d53e}, {0x1d540, 0x1d544}, {0x1d546, 0x1d546},
	{0x1d54a, 0x1d550}, {0x1d552, 0x1d6a5}, {0x1d6a8, 0x1d6c0}, {0x1d6c2, 0x1d6da}, {0x1d6dc, 0x1d6fa}, {0x1d6fc, 0x1d714},
	{0x1d716, 0x1d734}, {0x1d736, 0x1d74e}, {0x1d750, 0x1d76e}, {0x1d770, 0x1d788}, {0x1d78a, 0x1d7a8}, {0x1d7aa, 0x1d7c2},
	{0x1d7c4, 0x1d7cb}, {0x1df00, 0x1df1e}, {0x1df25, 0x1df2a}, {0x1e030, 0x1e06d}, {0x1e100, 0x1e12c}, {0x1e137, 0x1e13d},
	{0x1e14e, 0x1e14e}, {0x1e290, 0x1e2ad}, {0x1e2c0, 0x1e2eb}, {0x1e4d0, 0x1e4eb}, {0x1e5d0, 0x1e5ed}, {0x1e5f0, 0x1e5f0},
	{0x1e7e0, 0x1e7e6}, {0x1e7e8, 0x1e7eb}, {0x1e7ed, 0x1e7ee}, {0x1e7f0, 0x1e7fe}, {0x1e800, 0x1e8c4}, {0x1e900, 0x1e943},
	{0x1e94b, 0x1e94b}, {0x1ee00, 0x1ee03}, {0x1ee05, 0x1ee1f}, {0x1ee21, 0x1ee22}, {0x1ee24, 0x1ee24}, {0x1ee27, 0x1ee27},
	{0x1ee29, 0x1ee32}, {0x1ee34, 0x1ee37}, {0x1ee39, 0x1ee39}, {0x1ee3b, 0x1ee3b}, {0x1ee42, 0x1ee42}, {0x1ee47, 0x1ee47},
	{0x1ee49, 0x1ee49}, {0x1ee4b, 0x1ee4b}, {0x1ee4d, 0x1ee4f}, {0x1ee51, 0x1ee52}, {0x1ee54, 0x1ee54}, {0x1ee57, 0x1ee57},
	{0x1ee59, 0x1ee59}, {0x1ee5b, 0x1ee5b}, {0x1ee5d, 0x1ee5d}, {0x1ee5f, 0x1ee5f}, {0x1ee61, 0x1ee62}, {0x1ee64, 0x1ee64},
	{0x1ee67, 0x1ee6a}, {0x1ee6c, 0x1ee72}, {0x1ee74, 0x1ee77}, {0x1ee79, 0x1ee7c}, {0x1ee7e, 0x1ee7e}, {0x1ee80, 0x1ee89},
	{0x1ee8b, 0x1ee9b}, {0x1eea1, 0x1eea3}, {0x1eea5, 0x1eea9}, {0x1eeab, 0x1eebb}, {0x20000, 0x2a6df}, {0x2a700, 0x2b739},
	{0x2b740, 0x2b81d}, {0x2b820, 0x2cea1}, {0x2ceb0, 0x2ebe0}, {0x2ebf0, 0x2ee5d}, {0x2f800, 0x2fa1d}, {0x30000, 0x3134a},
	{0x31350, 0x323af},
}

var tabIDContinue = []rangeTab{
	{0x30, 0x39}, {0x41, 0x5a}, {0x5f, 0x5f}, {0x61, 0x7a}, {0xaa, 0xaa}, {0xb5, 0xb5},
	{0xb7, 0xb7}, {0xba, 0xba}, {0xc0, 0xd6}, {0xd8, 0xf6}, {0xf8, 0x2c1}, {0x2c6, 0x2d1},
	{0x2e0, 0x2e4}, {0x2ec, 0x2ec}, {0x2ee, 0x2ee}, {0x300, 0x374}, {0x376, 0x377}, {0x37b, 0x37d},
	{0x37f, 0x37f}, {0x386, 0x38a}, {0x38c, 0x38c}, {0x38e, 0x3a1}, {0x3a3, 0x3f5}, {0x3f7, 0x481},
	{0x483, 0x487}, {0x48a, 0x52f}, {0x531, 0x556}, {0x559, 0x559}, {0x560, 0x588}, {0x591, 0x5bd},
	{0x5bf, 0x5bf}, {0x5c1, 0x5c2}, {0x5c4, 0x5c5}, {0x5c7, 0x5c7}, {0x5d0, 0x5ea}, {0x5ef, 0x5f2},
	{0x610, 0x61a}, {0x620, 0x669}, {0x66e, 0x6d3}, {0x6d5, 0x6dc}, {0x6df, 0x6e8}, {0x6ea, 0x6fc},
	{0x6ff, 0x6ff}, {0x710, 0x74a}, {0x74d, 0x7b1}, {0x7c0, 0x7f5}, {0x7fa, 0x7fa}, {0x7fd, 0x7fd},
	{0x800, 0x82d}, {0x840, 0x85b}, {0x860, 0x86a}, {0x870, 0x887}, {0x889, 0x88e}, {0x897, 0x8e1},
	{0x8e3, 0x963}, {0x966, 0x96f}, {0x971, 0x983}, {0x985, 0x98c}, {0x98f, 0x990}, {0x993, 0x9a8},
	{0x9aa, 0x9b0}, {0x9b2, 0x9b2}, {0x9b6, 0x9b9}, {0x9bc, 0x9c4}, {0x9c7, 0x9c8}, {0x9cb, 0x9ce},
	{0x9d7, 0x9d7}, {0x9dc, 0x9dd}, {0x9df, 0x9e3}, {0x9e6, 0x9f1}, {0x9fc, 0x9fc}, {0x9fe, 0x9fe},
	{0xa01, 0xa03}, {0xa05, 0xa0a}, {0xa0f, 0xa10}, {0xa13, 0xa28}, {0xa2a, 0xa30}, {0xa32, 0xa33},
	{0xa35, 0xa36}, {0xa38, 0xa39}, {0xa3c, 0xa3c}, {0xa3e, 0xa42}, {0xa47, 0xa48}, {0xa4b, 0xa4d},
	{0xa51, 0xa51}, {0xa59, 0xa5c}, {0xa5e, 0xa5e}, {0xa66, 0xa75}, {0xa81, 0xa83}, {0xa85, 0xa8d},
	{0xa8f, 0xa91}, {0xa93, 0xaa8}, {0xaaa, 0xab0}, {0xab2, 0xab3}, {0xab5, 0xab9}, {0xabc, 0xac5},
	{0xac7, 0xac9}, {0xacb, 0xacd}, {0xad0, 0xad0}, {0xae0, 0xae3}, {0xae6, 0xaef}, {0xaf9, 0xaff},
	{0xb01, 0xb03}, {0xb05, 0xb0c}, {0xb0f, 0xb10}, {0xb13, 0xb28}, {0xb2a, 0xb30}, {0xb32, 0xb33},
	{0xb35, 0xb39}, {0xb3c, 0xb44}, {0xb47, 0xb48}, {0xb4b, 0xb4d}, {0xb55, 0xb57}, {0xb5c, 0xb5d},
	{0xb5f, 0xb63}, {0xb66, 0xb6f}, {0xb71, 0xb71}, {0xb82, 0xb83}, {0xb85, 0xb8a}, {0xb8e, 0xb90},
	{0xb92, 0xb95}, {0xb99, 0xb9a}, {0xb9c, 0xb9c}, {0xb9e, 0xb9f}, {0xba3, 0xba4}, {0xba8, 0xbaa},
	{0xbae, 0xbb9}, {0xbbe, 0xbc2}, {0xbc6, 0xbc8}, {0xbca, 0xbcd}, {0xbd0, 0xbd0}, {0xbd7, 0xbd7},
	{0xbe6, 0xbef}, {0xc00, 0xc0c}, {0xc0e, 0xc10}, {0xc12, 0xc28}, {0xc2a, 0xc39}, {0xc3c, 0xc44},
	{0xc46, 0xc48}, {0xc4a, 0xc4d}, {0xc55, 0xc56}, {0xc58, 0xc5a}, {0xc5d, 0xc5d}, {0xc60, 0xc63},
	{0xc66, 0xc6f}, {0xc80, 0xc83}, {0xc85, 0xc8c}, {0xc8e, 0xc90}, {0xc92, 0xca8}, {0xcaa, 0xcb3},
	{0xcb5, 0xcb9}, {0xcbc, 0xcc4}, {0xcc6, 0xcc8}, {0xcca, 0xccd}, {0xcd5, 0xcd6}, {0xcdd, 0xcde},
	{0xce0, 0xce3}, {0xce6, 0xcef}, {0xcf1, 0xcf3}, {0xd00, 0xd0c}, {0xd0e, 0xd10}, {0xd12, 0xd44},
	{0xd46, 0xd48}, {0xd4a, 0xd4e}, {0xd54, 0xd57}, {0xd5f, 0xd63}, {0xd66, 0xd6f}, {0xd7a, 0xd7f},
	{0xd81, 0xd83}, {0xd85, 0xd96}, {0xd9a, 0xdb1}, {0xdb3, 0xdbb}, {0xdbd, 0xdbd}, {0xdc0, 0xdc6},
	{0xdca, 0xdca}, {0xdcf, 0xdd4}, {0xdd6, 0xdd6}, {0xdd8, 0xddf}, {0xde6, 0xdef}, {0xdf2, 0xdf3},
	{0xe01, 0xe3a}, {0xe40, 0xe4e}, {0xe50, 0xe59}, {0xe81, 0xe82}, {0xe84, 0xe84}, {0xe86, 0xe8a},
	{0xe8c, 0xea3}, {0xea5, 0xea5}, {0xea7, 0xebd}, {0xec0, 0xec4}, {0xec6, 0xec6}, {0xec8, 0xece},
	{0xed0, 0xed9}, {0xedc, 0xedf}, {0xf00, 0xf00}, {0xf18, 0xf19}, {0xf20, 0xf29}, {0xf35, 0xf35},
	{0xf37, 0xf37}, {0xf39, 0xf39}, {0xf3e, 0xf47}, {0xf49, 0xf6c}, {0xf71, 0xf84}, {0xf86, 0xf97},
	{0xf99, 0xfbc}, {0xfc6, 0xfc6}, {0x1000, 0x1049}, {0x1050, 0x109d}, {0x10a0, 0x10c5}, {0x10c7, 0x10c7},
	{0x10cd, 0x10cd}, {0x10d0, 0x10fa}, {0x10fc, 0x1248}, {0x124a, 0x124d}, {0x1250, 0x1256}, {0x1258, 0x1258},
	{0x125a, 0x125d}, {0x1260, 0x1288}, {0x128a, 0x128d}, {0x1290, 0x12b0}, {0x12b2, 0x12b5}, {0x12b8, 0x12be},
	{0x12c0, 0x12c0}, {0x12c2, 0x12c5}, {0x12c8, 0x12d6}, {0x12d8, 0x1310}, {0x1312, 0x1315}, {0x1318, 0x135a},
	{0x135d, 0x135f}, {0x1369, 0x1371}, {0x1380, 0x138f}, {0x13a0, 0x13f5}, {0x13f8, 0x13fd}, {0x1401, 0x166c},
	{0x166f, 0x167f}, {0x1681, 0x169a}, {0x16a0, 0x16ea}, {0x16ee, 0x16f8}, {0x1700, 0x1715}, {0x171f, 0x1734},
	{0x1740, 0x1753}, {0x1760, 0x176c}, {0x176e, 0x1770}, {0x1772, 0x1773}, {0x1780, 0x17d3}, {0x17d7, 0x17d7},
	{0x17dc, 0x17dd}, {0x17e0, 0x17e9}, {0x180b, 0x180d}, {0x180f, 0x1819}, {0x1820, 0x1878}, {0x1880, 0x18aa},
	{0x18b0, 0x18f5}, {0x1900, 0x191e}, {0x1920, 0x192b}, {0x1930, 0x193b}, {0x1946, 0x196d}, {0x1970, 0x1974},
	{0x1980, 0x19ab}, {0x19b0, 0x19c9}, {0x19d0, 0x19da}, {0x1a00, 0x1a1b}, {0x1a20, 0x1a5e}, {0x1a60, 0x1a7c},
	{0x1a7f, 0x1a89}, {0x1a90, 0x1a99}, {0x1aa7, 0x1aa7}, {0x1ab0, 0x1abd}, {0x1abf, 0x1ace}, {0x1b00, 0x1b4c},
	{0x1b50, 0x1b59}, {0x1b6b, 0x1b73}, {0x1b80, 0x1bf3}, {0x1c00, 0x1c37}, {0x1c40, 0x1c49}, {0x1c4d, 0x1c7d},
	{0x1c80, 0x1c8a}, {0x1c90, 0x1cba}, {0x1cbd, 0x1cbf}, {0x1cd0, 0x1cd2}, {0x1cd4, 0x1cfa}, {0x1d00, 0x1f15},
	{0x1f18, 0x1f1d}, {0x1f20, 0x1f45}, {0x1f48, 0x1f4d}, {0x1f50, 0x1f57}, {0x1f59, 0x1f59}, {0x1f5b, 0x1f5b},
	{0x1f5d, 0x1f5d}, {0x1f5f, 0x1f7d}, {0x1f80, 0x1fb4}, {0x1fb6, 0x1fbc}, {0x1fbe, 0x1fbe}, {0x1fc2, 0x1fc4},
	{0x1fc6, 0x1fcc}, {0x1fd0, 0x1fd3}, {0x1fd6, 0x1fdb}, {0x1fe0, 0x1fec}, {0x1ff2, 0x1ff4}, {0x1ff6, 0x1ffc},
	{0x200c, 0x200d}, {0x203f, 0x2040}, {0x2054, 0x2054}, {0x2071, 0x2071}, {0x207f, 0x207f}, {0x2090, 0x209c},
	{0x20d0, 0x20dc}, {0x20e1, 0x20e1}, {0x20e5, 0x20f0}, {0x2102, 0x2102}, {0x2107, 0x2107}, {0x210a, 0x2113},
	{0x2115, 0x2115}, {0x2118, 0x211d}, {0x2124, 0x2124}, {0x2126, 0x2126}, {0x2128, 0x2128}, {0x212a, 0x2139},
	{0x213c, 0x213f}, {0x2145, 0x2149}, {0x214e, 0x214e}, {0x2160, 0x2188}, {0x2c00, 0x2ce4}, {0x2ceb, 0x2cf3},
	{0x2d00, 0x2d25}, {0x2d27, 0x2d27}, {0x2d2d, 0x2d2d}, {0x2d30, 0x2d67}, {0x2d6f, 0x2d6f}, {0x2d7f, 0x2d96},
	{0x2da0, 0x2da6}, {0x2da8, 0x2dae}, {0x2db0, 0x2db6}, {0x2db8, 0x2dbe}, {0x2dc0, 0x2dc6}, {0x2dc8, 0x2dce},
	{0x2dd0, 0x2dd6}, {0x2dd8, 0x2dde}, {0x2de0, 0x2dff}, {0x3005, 0x3007}, {0x3021, 0x302f}, {0x3031, 0x3035},
	{0x3038, 0x303c}, {0x3041, 0x3096}, {0x3099, 0x309a}, {0x309d, 0x309f}, {0x30a1, 0x30ff}, {0x3105, 0x312f},
	{0x3131, 0x318e}, {0x31a0, 0x31bf}, {0x31f0, 0x31ff}, {0x3400, 0x4dbf}, {0x4e00, 0xa48c}, {0xa4d0, 0xa4fd},
	{0xa500, 0xa60c}, {0xa610, 0xa62b}, {0xa640, 0xa66f}, {0xa674, 0xa67d}, {0xa67f, 0xa6f1}, {0xa717, 0xa71f},
	{0xa722, 0xa788}, {0xa78b, 0xa7cd}, {0xa7d0, 0xa7d1}, {0xa7d3, 0xa7d3}, {0xa7d5, 0xa7dc}, {0xa7f2, 0xa827},
	{0xa82c, 0xa82c}, {0xa840, 0xa873}, {0xa880, 0xa8c5}, {0xa8d0, 0xa8d9}, {0xa8e0, 0xa8f7}, {0xa8fb, 0xa8fb},
	{0xa8fd, 0xa92d}, {0xa930, 0xa953}, {0xa960, 0xa97c}, {0xa980, 0xa9c0}, {0xa9cf, 0xa9d9}, {0xa9e0, 0xa9fe},
	{0xaa00, 0xaa36}, {0xaa40, 0xaa4d}, {0xaa50, 0xaa59}, {0xaa60, 0xaa76}, {0xaa7a, 0xaac2}, {0xaadb, 0xaadd},
	{0xaae0, 0xaaef}, {0xaaf2, 0xaaf6}, {0xab01, 0xab06}, {0xab09, 0xab0e}, {0xab11, 0xab16}, {0xab20, 0xab26},
	{0xab28, 0xab2e}, {0xab30, 0xab5a}, {0xab5c, 0xab69}, {0xab70, 0xabea}, {0xabec, 0xabed}, {0xabf0, 0xabf9},
	{0xac00, 0xd7a3}, {0xd7b0, 0xd7c6}, {0xd7cb, 0xd7fb}, {0xf900, 0xfa6d}, {0xfa70, 0xfad9}, {0xfb00, 0xfb06},
	{0xfb13, 0xfb17}, {0xfb1d, 0xfb28}, {0xfb2a, 0xfb36}, {0xfb38, 0xfb3c}, {0xfb3e, 0xfb3e}, {0xfb40, 0xfb41},
	{0xfb43, 0xfb44}, {0xfb46, 0xfbb1}, {0xfbd3, 0xfc5d}, {0xfc64, 0xfd3d}, {0xfd50, 0xfd8f}, {0xfd92, 0xfdc7},
	{0xfdf0, 0xfdf9}, {0xfe00, 0xfe0f}, {0xfe20, 0xfe2f}, {0xfe33, 0xfe34}, {0xfe4d, 0xfe4f}, {0xfe71, 0xfe71},
	{0xfe73, 0xfe73}, {0xfe77, 0xfe77}, {0xfe79, 0xfe79}, {0xfe7b, 0xfe7b}, {0xfe7d, 0xfe7d}, {0xfe7f, 0xfefc},
	{0xff10, 0xff19}, {0xff21, 0xff3a}, {0xff3f, 0xff3f}, {0xff41, 0xff5a}, {0xff65, 0xffbe}, {0xffc2, 0xffc7},
	{0xffca, 0xffcf}, {0xffd2, 0xffd7}, {0xffda, 0xffdc}, {0x10000, 0x1000b}, {0x1000d, 0x10026}, {0x10028, 0x1003a},
	{0x1003c, 0x1003d}, {0x1003f, 0x1004d}, {0x10050, 0x1005d}, {0x10080, 0x100fa}, {0x10140, 0x10174}, {0x101fd, 0x101fd},
	{0x10280, 0x1029c}, {0x102a0, 0x102d0}, {0x102e0, 0x102e0}, {0x10300, 0x1031f}, {0x1032d, 0x1034a}, {0x10350, 0x1037a},
	{0x10380, 0x1039d}, {0x103a0, 0x103c3}, {0x103c8, 0x103cf}, {0x103d1, 0x103d5}, {0x10400, 0x1049d}, {0x104a0, 0x104a9},
	{0x104b0, 0x104d3}, {0x104d8, 0x104fb}, {0x10500, 0x10527}, {0x10530, 0x10563}, {0x10570, 0x1057a}, {0x1057c, 0x1058a},
	{0x1058c, 0x10592}, {0x10594, 0x10595}, {0x10597, 0x105a1}, {0x105a3, 0x105b1}, {0x105b3, 0x105b9}, {0x105bb, 0x105bc},
	{0x105c0, 0x105f3}, {0x10600, 0x10736}, {0x10740, 0x10755}, {0x10760, 0x10767}, {0x10780, 0x10785}, {0x10787, 0x107b0},
	{0x107b2, 0x107ba}, {0x10800, 0x10805}, {0x10808, 0x10808}, {0x1080a, 0x10835}, {0x10837, 0x10838}, {0x1083c, 0x1083c},
	{0x1083f, 0x10855}, {0x10860, 0x10876}, {0x10880, 0x1089e}, {0x108e0, 0x108f2}, {0x108f4, 0x108f5}, {0x10900, 0x10915},
	{0x10920, 0x10939}, {0x10980, 0x109b7}, {0x109be, 0x109bf}, {0x10a00, 0x10a03}, {0x10a05, 0x10a06}, {0x10a0c, 0x10a13},
	{0x10a15, 0x10a17}, {0x10a19, 0x10a35}, {0x10a38, 0x10a3a}, {0x10a3f, 0x10a3f}, {0x10a60, 0x10a7c}, {0x10a80, 0x10a9c},
	{0x10ac0, 0x10ac7}, {0x10ac9, 0x10ae6}, {0x10b00, 0x10b35}, {0x10b40, 0x10b55}, {0x10b60, 0x10b72}, {0x10b80, 0x10b91},
	{0x10c00, 0x10c48}, {0x10c80, 0x10cb2}, {0x10cc0, 0x10cf2}, {0x10d00, 0x10d27}, {0x10d30, 0x10d39}, {0x10d40, 0x10d65},
	{0x10d69, 0x10d6d}, {0x10d6f, 0x10d85}, {0x10e80, 0x10ea9}, {0x10eab, 0x10eac}, {0x10eb0, 0x10eb1}, {0x10ec2, 0x10ec4},
	{0x10efc, 0x10f1c}, {0x10f27, 0x10f27}, {0x10f30, 0x10f50}, {0x10f70, 0x10f85}, {0x10fb0, 0x10fc4}, {0x10fe0, 0x10ff6},
	{0x11000, 0x11046}, {0x11066, 0x11075}, {0x1107f, 0x110ba}, {0x110c2, 0x110c2}, {0x110d0, 0x110e8}, {0x110f0, 0x110f9},
	{0x11100, 0x11134}, {0x11136, 0x1113f}, {0x11144, 0x11147}, {0x11150, 0x11173}, {0x11176, 0x11176}, {0x11180, 0x111c4},
	{0x111c9, 0x111cc}, {0x111ce, 0x111da}, {0x111dc, 0x111dc}, {0x11200, 0x11211}, {0x11213, 0x11237}, {0x1123e, 0x11241},
	{0x11280, 0x11286}, {0x11288, 0x11288}, {0x1128a, 0x1128d}, {0x1128f, 0x1129d}, {0x1129f, 0x112a8}, {0x112b0, 0x112ea},
	{0x112f0, 0x112f9}, {0x11300, 0x11303}, {0x11305, 0x1130c}, {0x1130f, 0x11310}, {0x11313, 0x11328}, {0x1132a, 0x11330},
	{0x11332, 0x11333}, {0x11335, 0x11339}, {0x1133b, 0x11344}, {0x11347, 0x11348}, {0x1134b, 0x1134d}, {0x11350, 0x11350},
	{0x11357, 0x11357}, {0x1135d, 0x11363}, {0x11366, 0x1136c}, {0x11370, 0x11374}, {0x11380, 0x11389}, {0x1138b, 0x1138b},
	{0x1138e, 0x1138e}, {0x11390, 0x113b5}, {0x113b7, 0x113c0}, {0x113c2, 0x113c2}, {0x113c5, 0x113c5}, {0x113c7, 0x113ca},
	{0x113cc, 0x113d3}, {0x113e1, 0x113e2}, {0x11400, 0x1144a}, {0x11450, 0x11459}, {0x1145e, 0x11461}, {0x11480, 0x114c5},
	{0x114c7, 0x114c7}, {0x114d0, 0x114d9}, {0x11580, 0x115b5}, {0x115b8, 0x115c0}, {0x115d8, 0x115dd}, {0x11600, 0x11640},
	{0x11644, 0x11644}, {0x11650, 0x11659}, {0x11680, 0x116b8}, {0x116c0, 0x116c9}, {0x116d0, 0x116e3}, {0x11700, 0x1171a},
	{0x1171d, 0x1172b}, {0x11730, 0x11739}, {0x11740, 0x11746}, {0x11800, 0x1183a}, {0x118a0, 0x118e9}, {0x118ff, 0x11906},
	{0x11909, 0x11909}, {0x1190c, 0x11913}, {0x11915, 0x11916}, {0x11918, 0x11935}, {0x11937, 0x11938}, {0x1193b, 0x11943},
	{0x11950, 0x11959}, {0x119a0, 0x119a7}, {0x119aa, 0x119d7}, {0x119da, 0x119e1}, {0x119e3, 0x119e4}, {0x11a00, 0x11a3e},
	{0x11a47, 0x11a47}, {0x11a50, 0x11a99}, {0x11a9d, 0x11a9d}, {0x11ab0, 0x11af8}, {0x11bc0, 0x11be0}, {0x11bf0, 0x11bf9},
	{0x11c00, 0x11c08}, {0x11c0a, 0x11c36}, {0x11c38, 0x11c40}, {0x11c50, 0x11c59}, {0x11c72, 0x11c8f}, {0x11c92, 0x11ca7},
	{0x11ca9, 0x11cb6}, {0x11d00, 0x11d06}, {0x11d08, 0x11d09}, {0x11d0b, 0x11d36}, {0x11d3a, 0x11d3a}, {0x11d3c, 0x11d3d},
	{0x11d3f, 0x11d47}, {0x11d50, 0x11d59}, {0x11d60, 0x11d65}, {0x11d67, 0x11d68}, {0x11d6a, 0x11d8e}, {0x11d90, 0x11d91},
	{0x11d93, 0x11d98}, {0x11da0, 0x11da9}, {0x11ee0, 0x11ef6}, {0x11f00, 0x11f10}, {0x11f12, 0x11f3a}, {0x11f3e, 0x11f42},
	{0x11f50, 0x11f5a}, {0x11fb0, 0x11fb0}, {0x12000, 0x12399}, {0x12400, 0x1246e}, {0x12480, 0x12543}, {0x12f90, 0x12ff0},
	{0x13000, 0x1342f}, {0x13440, 0x13455}, {0x13460, 0x143fa}, {0x14400, 0x14646}, {0x16100, 0x16139}, {0x16800, 0x16a38},
	{0x16a40, 0x16a5e}, {0x16a60, 0x16a69}, {0x16a70, 0x16abe}, {0x16ac0, 0x16ac9}, {0x16ad0, 0x16aed}, {0x16af0, 0x16af4},
	{0x16b00, 0x16b36}, {0x16b40, 0x16b43}, {0x16b50, 0x16b59}, {0x16b63, 0x16b77}, {0x16b7d, 0x16b8f}, {0x16d40, 0x16d6c},
	{0x16d70, 0x16d79}, {0x16e40, 0x16e7f}, {0x16f00, 0x16f4a}, {0x16f4f, 0x16f87}, {0x16f8f, 0x16f9f}, {0x16fe0, 0x16fe1},
	{0x16fe3, 0x16fe4}, {0x16ff0, 0x16ff1}, {0x17000, 0x187f7}, {0x18800, 0x18cd5}, {0x18cff, 0x18d08}, {0x1aff0, 0x1aff3},
	{0x1aff5, 0x1affb}, {0x1affd, 0x1affe}, {0x1b000, 0x1b122}, {0x1b132, 0x1b132}, {0x1b150, 0x1b152}, {0x1b155, 0x1b155},
	{0x1b164, 0x1b167}, {0x1b170, 0x1b2fb}, {0x1bc00, 0x1bc6a}, {0x1bc70, 0x1bc7c}, {0x1bc80, 0x1bc88}, {0x1bc90, 0x1bc99},
	{0x1bc9d, 0x1bc9e}, {0x1ccf0, 0x1ccf9}, {0x1cf00, 0x1cf2d}, {0x1cf30, 0x1cf46}, {0x1d165, 0x1d169}, {0x1d16d, 0x1d172},
	{0x1d17b, 0x1d182}, {0x1d185, 0x1d18b}, {0x1d1aa, 0x1d1ad}, {0x1d242, 0x1d244}, {0x1d400, 0x1d454}, {0x1d456, 0x1d49c},
	{0x1d49e, 0x1d49f}, {0x1d4a2, 0x1d4a2}, {0x1d4a5, 0x1d4a6}, {0x1d4a9, 0x1d4ac}, {0x1d4ae, 0x1d4b9}, {0x1d4bb, 0x1d4bb},
	{0x1d4bd, 0x1d4c3}, {0x1d4c5, 0x1d505}, {0x1d507, 0x1d50a}, {0x1d50d, 0x1d514}, {0x1d516, 0x1d51c}, {0x1d51e, 0x1d539},
	{0x1d53b, 0x1d53e}, {0x1d540, 0x1d544}, {0x1d546, 0x1d546}, {0x1d54a, 0x1d550}, {0x1d552, 0x1d6a5}, {0x1d6a8, 0x1d6c0},
	{0x1d6c2, 0x1d6da}, {0x1d6dc, 0x1d6fa}, {0x1d6fc, 0x1d714}, {0x1d716, 0x1d734}, {0x1d736, 0x1d74e}, {0x1d750, 0x1d76e},
	{0x1d770, 0x1d788}, {0x1d78a, 0x1d7a8}, {0x1d7aa, 0x1d7c2}, {0x1d7c4, 0x1d7cb}, {0x1d7ce, 0x1d7ff}, {0x1da00, 0x1da36},
	{0x1da3b, 0x1da6c}, {0x1da75, 0x1da75}, {0x1da84, 0x1da84}, {0x1da9b, 0x1da9f}, {0x1daa1, 0x1daaf}, {0x1df00, 0x1df1e},
	{0x1df25, 0x1df2a}, {0x1e000, 0x1e006}, {0x1e008, 0x1e018}, {0x1e01b, 0x1e021}, {0x1e023, 0x1e024}, {0x1e026, 0x1e02a},
	{0x1e030, 0x1e06d}, {0x1e08f, 0x1e08f}, {0x1e100, 0x1e12c}, {0x1e130, 0x1e13d}, {0x1e140, 0x1e149}, {0x1e14e, 0x1e14e},
	{0x1e290, 0x1e2ae}, {0x1e2c0, 0x1e2f9}, {0x1e4d0, 0x1e4f9}, {0x1e5d0, 0x1e5fa}, {0x1e7e0, 0x1e7e6}, {0x1e7e8, 0x1e7eb},
	{0x1e7ed, 0x1e7ee}, {0x1e7f0, 0x1e7fe}, {0x1e800, 0x1e8c4}, {0x1e8d0, 0x1e8d6}, {0x1e900, 0x1e94b}, {0x1e950, 0x1e959},
	{0x1ee00, 0x1ee03}, {0x1ee05, 0x1ee1f}, {0x1ee21, 0x1ee22}, {0x1ee24, 0x1ee24}, {0x1ee27, 0x1ee27}, {0x1ee29, 0x1ee32},
	{0x1ee34, 0x1ee37}, {0x1ee39, 0x1ee39}, {0x1ee3b, 0x1ee3b}, {0x1ee42, 0x1ee42}, {0x1ee47, 0x1ee47}, {0x1ee49, 0x1ee49},
	{0x1ee4b, 0x1ee4b}, {0x1ee4d, 0x1ee4f}, {0x1ee51, 0x1ee52}, {0x1ee54, 0x1ee54}, {0x1ee57, 0x1ee57}, {0x1ee59, 0x1ee59},
	{0x1ee5b, 0x1ee5b}, {0x1ee5d, 0x1ee5d}, {0x1ee5f, 0x1ee5f}, {0x1ee61, 0x1ee62}, {0x1ee64, 0x1ee64}, {0x1ee67, 0x1ee6a},
	{0x1ee6c, 0x1ee72}, {0x1ee74, 0x1ee77}, {0x1ee79, 0x1ee7c}, {0x1ee7e, 0x1ee7e}, {0x1ee80, 0x1ee89}, {0x1ee8b, 0x1ee9b},
	{0x1eea1, 0x1eea3}, {0x1eea5, 0x1eea9}, {0x1eeab, 0x1eebb}, {0x1fbf0, 0x1fbf9}, {0x20000, 0x2a6df}, {0x2a700, 0x2b739},
	{0x2b740, 0x2b81d}, {0x2b820, 0x2cea1}, {0x2ceb0, 0x2ebe0}, {0x2ebf0, 0x2ee5d}, {0x2f800, 0x2fa1d}, {0x30000, 0x3134a},
	{0x31350, 0x323af}, {0xe0100, 0xe01ef},
}

var tabLower = []casePair{
	{0x41, 0x61}, {0x42, 0x62}, {0x43, 0x63}, {0x44, 0x64}, {0x45, 0x65}, {0x46, 0x66},
	{0x47, 0x67}, {0x48, 0x68}, {0x49, 0x69}, {0x4a, 0x6a}, {0x4b, 0x6b}, {0x4c, 0x6c},
	{0x4d, 0x6d}, {0x4e, 0x6e}, {0x4f, 0x6f}, {0x50, 0x70}, {0x51, 0x71}, {0x52, 0x72},
	{0x53, 0x73}, {0x54, 0x74}, {0x55, 0x75}, {0x56, 0x76}, {0x57, 0x77}, {0x58, 0x78},
	{0x59, 0x79}, {0x5a, 0x7a}, {0xc0, 0xe0}, {0xc1, 0xe1}, {0xc2, 0xe2}, {0xc3, 0xe3},
	{0xc4, 0xe4}, {0xc5, 0xe5}, {0xc6, 0xe6}, {0xc7, 0xe7}, {0xc8, 0xe8}, {0xc9, 0xe9},
	{0xca, 0xea}, {0xcb, 0xeb}, {0xcc, 0xec}, {0xcd, 0xed}, {0xce, 0xee}, {0xcf, 0xef},
	{0xd0, 0xf0}, {0xd1, 0xf1}, {0xd2, 0xf2}, {0xd3, 0xf3}, {0xd4, 0xf4}, {0xd5, 0xf5},
	{0xd6, 0xf6}, {0xd8, 0xf8}, {0xd9, 0xf9}, {0xda, 0xfa}, {0xdb, 0xfb}, {0xdc, 0xfc},
	{0xdd, 0xfd}, {0xde, 0xfe}, {0x100, 0x101}, {0x102, 0x103}, {0x104, 0x105}, {0x106, 0x107},
	{0x108, 0x109}, {0x10a, 0x10b}, {0x10c, 0x10d}, {0x10e, 0x10f}, {0x110, 0x111}, {0x112, 0x113},
	{0x114, 0x115}, {0x116, 0x117}, {0x118, 0x119}, {0x11a, 0x11b}, {0x11c, 0x11d}, {0x11e, 0x11f},
	{0x120, 0x121}, {0x122, 0x123}, {0x124, 0x125}, {0x126, 0x127}, {0x128, 0x129}, {0x12a, 0x12b},
	{0x12c, 0x12d}, {0x12e, 0x12f}, {0x130, 0x69}, {0x132, 0x133}, {0x134, 0x135}, {0x136, 0x137},
	{0x139, 0x13a}, {0x13b, 0x13c}, {0x13d, 0x13e}, {0x13f, 0x140}, {0x141, 0x142}, {0x143, 0x144},
	{0x145, 0x146}, {0x147, 0x148}, {0x14a, 0x14b}, {0x14c, 0x14d}, {0x14e, 0x14f}, {0x150, 0x151},
	{0x152, 0x153}, {0x154, 0x155}, {0x156, 0x157}, {0x158, 0x159}, {0x15a, 0x15b}, {0x15c, 0x15d},
	{0x15e, 0x15f}, {0x160, 0x161}, {0x162, 0x163}, {0x164, 0x165}, {0x166, 0x167}, {0x168, 0x169},
	{0x16a, 0x16b}, {0x16c, 0x16d}, {0x16e, 0x16f}, {0x170, 0x171}, {0x172, 0x173}, {0x174, 0x175},
	{0x176, 0x177}, {0x178, 0xff}, {0x179, 0x17a}, {0x17b, 0x17c}, {0x17d, 0x17e}, {0x181, 0x253},
	{0x182, 0x183}, {0x184, 0x185}, {0x186, 0x254}, {0x187, 0x188}, {0x189, 0x256}, {0x18a, 0x257},
	{0x18b, 0x18c}, {0x18e, 0x1dd}, {0x18f, 0x259}, {0x190, 0x25b}, {0x191, 0x192}, {0x193, 0x260},
	{0x194, 0x263}, {0x196, 0x269}, {0x197, 0x268}, {0x198, 0x199}, {0x19c, 0x26f}, {0x19d, 0x272},
	{0x19f, 0x275}, {0x1a0, 0x1a1}, {0x1a2, 0x1a3}, {0x1a4, 0x1a5}, {0x1a6, 0x280}, {0x1a7, 0x1a8},
	{0x1a9, 0x283}, {0x1ac, 0x1ad}, {0x1ae, 0x288}, {0x1af, 0x1b0}, {0x1b1, 0x28a}, {0x1b2, 0x28b},
	{0x1b3, 0x1b4}, {0x1b5, 0x1b6}, {0x1b7, 0x292}, {0x1b8, 0x1b9}, {0x1bc, 0x1bd}, {0x1c4, 0x1c6},
	{0x1c5, 0x1c6}, {0x1c7, 0x1c9}, {0x1c8, 0x1c9}, {0x1ca, 0x1cc}, {0x1cb, 0x1cc}, {0x1cd, 0x1ce},
	{0x1cf, 0x1d0}, {0x1d1, 0x1d2}, {0x1d3, 0x1d4}, {0x1d5, 0x1d6}, {0x1d7, 0x1d8}, {0x1d9, 0x1da},
	{0x1db, 0x1dc}, {0x1de, 0x1df}, {0x1e0, 0x1e1}, {0x1e2, 0x1e3}, {0x1e4, 0x1e5}, {0x1e6, 0x1e7},
	{0x1e8, 0x1e9}, {0x1ea, 0x1eb}, {0x1ec, 0x1ed}, {0x1ee, 0x1ef}, {0x1f1, 0x1f3}, {0x1f2, 0x1f3},
	{0x1f4, 0x1f5}, {0x1f6, 0x195}, {0x1f7, 0x1bf}, {0x1f8, 0x1f9}, {0x1fa, 0x1fb}, {0x1fc, 0x1fd},
	{0x1fe, 0x1ff}, {0x200, 0x201}, {0x202, 0x203}, {0x204, 0x205}, {0x206, 0x207}, {0x208, 0x209},
	{0x20a, 0x20b}, {0x20c, 0x20d}, {0x20e, 0x20f}, {0x210, 0x211}, {0x212, 0x213}, {0x214, 0x215},
	{0x216, 0x217}, {0x218, 0x219}, {0x21a, 0x21b}, {0x21c, 0x21d}, {0x21e, 0x21f}, {0x220, 0x19e},
	{0x222, 0x223}, {0x224, 0x225}, {0x226, 0x227}, {0x228, 0x229}, {0x22a, 0x22b}, {0x22c, 0x22d},
	{0x22e, 0x22f}, {0x230, 0x231}, {0x232, 0x233}, {0x23a, 0x2c65}, {0x23b, 0x23c}, {0x23d, 0x19a},
	{0x23e, 0x2c66}, {0x241, 0x242}, {0x243, 0x180}, {0x244, 0x289}, {0x245, 0x28c}, {0x246, 0x247},
	{0x248, 0x249}, {0x24a, 0x24b}, {0x24c, 0x24d}, {0x24e, 0x24f}, {0x370, 0x371}, {0x372, 0x373},
	{0x376, 0x377}, {0x37f, 0x3f3}, {0x386, 0x3ac}, {0x388, 0x3ad}, {0x389, 0x3ae}, {0x38a, 0x3af},
	{0x38c, 0x3cc}, {0x38e, 0x3cd}, {0x38f, 0x3ce}, {0x391, 0x3b1}, {0x392, 0x3b2}, {0x393, 0x3b3},
	{0x394, 0x3b4}, {0x395, 0x3b5}, {0x396, 0x3b6}, {0x397, 0x3b7}, {0x398, 0x3b8}, {0x399, 0x3b9},
	{0x39a, 0x3ba}, {0x39b, 0x3bb}, {0x39c, 0x3bc}, {0x39d, 0x3bd}, {0x39e, 0x3be}, {0x39f, 0x3bf},
	{0x3a0, 0x3c0}, {0x3a1, 0x3c1}, {0x3a3, 0x3c3}, {0x3a4, 0x3c4}, {0x3a5, 0x3c5}, {0x3a6, 0x3c6},
	{0x3a7, 0x3c7}, {0x3a8, 0x3c8}, {0x3a9, 0x3c9}, {0x3aa, 0x3ca}, {0x3ab, 0x3cb}, {0x3cf, 0x3d7},
	{0x3d8, 0x3d9}, {0x3da, 0x3db}, {0x3dc, 0x3dd}, {0x3de, 0x3df}, {0x3e0, 0x3e1}, {0x3e2, 0x3e3},
	{0x3e4, 0x3e5}, {0x3e6, 0x3e7}, {0x3e8, 0x3e9}, {0x3ea, 0x3eb}, {0x3ec, 0x3ed}, {0x3ee, 0x3ef},
	{0x3f4, 0x3b8}, {0x3f7, 0x3f8}, {0x3f9, 0x3f2}, {0x3fa, 0x3fb}, {0x3fd, 0x37b}, {0x3fe, 0x37c},
	{0x3ff, 0x37d}, {0x400, 0x450}, {0x401, 0x451}, {0x402, 0x452}, {0x403, 0x453}, {0x404, 0x454},
	{0x405, 0x455}, {0x406, 0x456}, {0x407, 0x457}, {0x408, 0x458}, {0x409, 0x459}, {0x40a, 0x45a},
	{0x40b, 0x45b}, {0x40c, 0x45c}, {0x40d, 0x45d}, {0x40e, 0x45e}, {0x40f, 0x45f}, {0x410, 0x430},
	{0x411, 0x431}, {0x412, 0x432}, {0x413, 0x433}, {0x414, 0x434}, {0x415, 0x435}, {0x416, 0x436},
	{0x417, 0x437}, {0x418, 0x438}, {0x419, 0x439}, {0x41a, 0x43a}, {0x41b, 0x43b}, {0x41c, 0x43c},
	{0x41d, 0x43d}, {0x41e, 0x43e}, {0x41f, 0x43f}, {0x420, 0x440}, {0x421, 0x441}, {0x422, 0x442},
	{0x423, 0x443}, {0x424, 0x444}, {0x425, 0x445}, {0x426, 0x446}, {0x427, 0x447}, {0x428, 0x448},
	{0x429, 0x449}, {0x42a, 0x44a}, {0x42b, 0x44b}, {0x42c, 0x44c}, {0x42d, 0x44d}, {0x42e, 0x44e},
	{0x42f, 0x44f}, {0x460, 0x461}, {0x462, 0x463}, {0x464, 0x465}, {0x466, 0x467}, {0x468, 0x469},
	{0x46a, 0x46b}, {0x46c, 0x46d}, {0x46e, 0x46f}, {0x470, 0x471}, {0x472, 0x473}, {0x474, 0x475},
	{0x476, 0x477}, {0x478, 0x479}, {0x47a, 0x47b}, {0x47c, 0x47d}, {0x47e, 0x47f}, {0x480, 0x481},
	{0x48a, 0x48b}, {0x48c, 0x48d}, {0x48e, 0x48f}, {0x490, 0x491}, {0x492, 0x493}, {0x494, 0x495},
	{0x496, 0x497}, {0x498, 0x499}, {0x49a, 0x49b}, {0x49c, 0x49d}, {0x49e, 0x49f}, {0x4a0, 0x4a1},
	{0x4a2, 0x4a3}, {0x4a4, 0x4a5}, {0x4a6, 0x4a7}, {0x4a8, 0x4a9}, {0x4aa, 0x4ab}, {0x4ac, 0x4ad},
	{0x4ae, 0x4af}, {0x4b0, 0x4b1}, {0x4b2, 0x4b3}, {0x4b4, 0x4b5}, {0x4b6, 0x4b7}, {0x4b8, 0x4b9},
	{0x4ba, 0x4bb}, {0x4bc, 0x4bd}, {0x4be, 0x4bf}, {0x4c0, 0x4cf}, {0x4c1, 0x4c2}, {0x4c3, 0x4c4},
	{0x4c5, 0x4c6}, {0x4c7, 0x4c8}, {0x4c9, 0x4ca}, {0x4cb, 0x4cc}, {0x4cd, 0x4ce}, {0x4d0, 0x4d1},
	{0x4d2, 0x4d3}, {0x4d4, 0x4d5}, {0x4d6, 0x4d7}, {0x4d8, 0x4d9}, {0x4da, 0x4db}, {0x4dc, 0x4dd},
	{0x4de, 0x4df}, {0x4e0, 0x4e1}, {0x4e2, 0x4e3}, {0x4e4, 0x4e5}, {0x4e6, 0x4e7}, {0x4e8, 0x4e9},
	{0x4ea, 0x4eb}, {0x4ec, 0x4ed}, {0x4ee, 0x4ef}, {0x4f0, 0x4f1}, {0x4f2, 0x4f3}, {0x4f4, 0x4f5},
	{0x4f6, 0x4f7}, {0x4f8, 0x4f9}, {0x4fa, 0x4fb}, {0x4fc, 0x4fd}, {0x4fe, 0x4ff}, {0x500, 0x501},
	{0x502, 0x503}, {0x504, 0x505}, {0x506, 0x507}, {0x508, 0x509}, {0x50a, 0x50b}, {0x50c, 0x50d},
	{0x50e, 0x50f}, {0x510, 0x511}, {0x512, 0x513}, {0x514, 0x515}, {0x516, 0x517}, {0x518, 0x519},
	{0x51a, 0x51b}, {0x51c, 0x51d}, {0x51e, 0x51f}, {0x520, 0x521}, {0x522, 0x523}, {0x524, 0x525},
	{0x526, 0x527}, {0x528, 0x529}, {0x52a, 0x52b}, {0x52c, 0x52d}, {0x52e, 0x52f}, {0x531, 0x561},
	{0x532, 0x562}, {0x533, 0x563}, {0x534, 0x564}, {0x535, 0x565}, {0x536, 0x566}, {0x537, 0x567},
	{0x538, 0x568}, {0x539, 0x569}, {0x53a, 0x56a}, {0x53b, 0x56b}, {0x53c, 0x56c}, {0x53d, 0x56d},
	{0x53e, 0x56e}, {0x53f, 0x56f}, {0x540, 0x570}, {0x541, 0x571}, {0x542, 0x572}, {0x543, 0x573},
	{0x544, 0x574}, {0x545, 0x575}, {0x546, 0x576}, {0x547, 0x577}, {0x548, 0x578}, {0x549, 0x579},
	{0x54a, 0x57a}, {0x54b, 0x57b}, {0x54c, 0x57c}, {0x54d, 0x57d}, {0x54e, 0x57e}, {0x54f, 0x57f},
	{0x550, 0x580}, {0x551, 0x581}, {0x552, 0x582}, {0x553, 0x583}, {0x554, 0x584}, {0x555, 0x585},
	{0x556, 0x586}, {0x10a0, 0x2d00}, {0x10a1, 0x2d01}, {0x10a2, 0x2d02}, {0x10a3, 0x2d03}, {0x10a4, 0x2d04},
	{0x10a5, 0x2d05}, {0x10a6, 0x2d06}, {0x10a7, 0x2d07}, {0x10a8, 0x2d08}, {0x10a9, 0x2d09}, {0x10aa, 0x2d0a},
	{0x10ab, 0x2d0b}, {0x10ac, 0x2d0c}, {0x10ad, 0x2d0d}, {0x10ae, 0x2d0e}, {0x10af, 0x2d0f}, {0x10b0, 0x2d10},
	{0x10b1, 0x2d11}, {0x10b2, 0x2d12}, {0x10b3, 0x2d13}, {0x10b4, 0x2d14}, {0x10b5, 0x2d15}, {0x10b6, 0x2d16},
	{0x10b7, 0x2d17}, {0x10b8, 0x2d18}, {0x10b9, 0x2d19}, {0x10ba, 0x2d1a}, {0x10bb, 0x2d1b}, {0x10bc, 0x2d1c},
	{0x10bd, 0x2d1d}, {0x10be, 0x2d1e}, {0x10bf, 0x2d1f}, {0x10c0, 0x2d20}, {0x10c1, 0x2d21}, {0x10c2, 0x2d22},
	{0x10c3, 0x2d23}, {0x10c4, 0x2d24}, {0x10c5, 0x2d25}, {0x10c7, 0x2d27}, {0x10cd, 0x2d2d}, {0x13a0, 0xab70},
	{0x13a1, 0xab71}, {0x13a2, 0xab72}, {0x13a3, 0xab73}, {0x13a4, 0xab74}, {0x13a5, 0xab75}, {0x13a6, 0xab76},
	{0x13a7, 0xab77}, {0x13a8, 0xab78}, {0x13a9, 0xab79}, {0x13aa, 0xab7a}, {0x13ab, 0xab7b}, {0x13ac, 0xab7c},
	{0x13ad, 0xab7d}, {0x13ae, 0xab7e}, {0x13af, 0xab7f}, {0x13b0, 0xab80}, {0x13b1, 0xab81}, {0x13b2, 0xab82},
	{0x13b3, 0xab83}, {0x13b4, 0xab84}, {0x13b5, 0xab85}, {0x13b6, 0xab86}, {0x13b7, 0xab87}, {0x13b8, 0xab88},
	{0x13b9, 0xab89}, {0x13ba, 0xab8a}, {0x13bb, 0xab8b}, {0x13bc, 0xab8c}, {0x13bd, 0xab8d}, {0x13be, 0xab8e},
	{0x13bf, 0xab8f}, {0x13c0, 0xab90}, {0x13c1, 0xab91}, {0x13c2, 0xab92}, {0x13c3, 0xab93}, {0x13c4, 0xab94},
	{0x13c5, 0xab95}, {0x13c6, 0xab96}, {0x13c7, 0xab97}, {0x13c8, 0xab98}, {0x13c9, 0xab99}, {0x13ca, 0xab9a},
	{0x13cb, 0xab9b}, {0x13cc, 0xab9c}, {0x13cd, 0xab9d}, {0x13ce, 0xab9e}, {0x13cf, 0xab9f}, {0x13d0, 0xaba0},
	{0x13d1, 0xaba1}, {0x13d2, 0xaba2}, {0x13d3, 0xaba3}, {0x13d4, 0xaba4}, {0x13d5, 0xaba5}, {0x13d6, 0xaba6},
	{0x13d7, 0xaba7}, {0x13d8, 0xaba8}, {0x13d9, 0xaba9}, {0x13da, 0xabaa}, {0x13db, 0xabab}, {0x13dc, 0xabac},
	{0x13dd, 0xabad}, {0x13de, 0xabae}, {0x13df, 0xabaf}, {0x13e0, 0xabb0}, {0x13e1, 0xabb1}, {0x13e2, 0xabb2},
	{0x13e3, 0xabb3}, {0x13e4, 0xabb4}, {0x13e5, 0xabb5}, {0x13e6, 0xabb6}, {0x13e7, 0xabb7}, {0x13e8, 0xabb8},
	{0x13e9, 0xabb9}, {0x13ea, 0xabba}, {0x13eb, 0xabbb}, {0x13ec, 0xabbc}, {0x13ed, 0xabbd}, {0x13ee, 0xabbe},
	{0x13ef, 0xabbf}, {0x13f0, 0x13f8}, {0x13f1, 0x13f9}, {0x13f2, 0x13fa}, {0x13f3, 0x13fb}, {0x13f4, 0x13fc},
	{0x13f5, 0x13fd}, {0x1c89, 0x1c8a}, {0x1c90, 0x10d0}, {0x1c91, 0x10d1}, {0x1c92, 0x10d2}, {0x1c93, 0x10d3},
	{0x1c94, 0x10d4}, {0x1c95, 0x10d5}, {0x1c96, 0x10d6}, {0x1c97, 0x10d7}, {0x1c98, 0x10d8}, {0x1c99, 0x10d9},
	{0x1c9a, 0x10da}, {0x1c9b, 0x10db}, {0x1c9c, 0x10dc}, {0x1c9d, 0x10dd}, {0x1c9e, 0x10de}, {0x1c9f, 0x10df},
	{0x1ca0, 0x10e0}, {0x1ca1, 0x10e1}, {0x1ca2, 0x10e2}, {0x1ca3, 0x10e3}, {0x1ca4, 0x10e4}, {0x1ca5, 0x10e5},
	{0x1ca6, 0x10e6}, {0x1ca7, 0x10e7}, {0x1ca8, 0x10e8}, {0x1ca9, 0x10e9}, {0x1caa, 0x10ea}, {0x1cab, 0x10eb},
	{0x1cac, 0x10ec}, {0x1cad, 0x10ed}, {0x1cae, 0x10ee}, {0x1caf, 0x10ef}, {0x1cb0, 0x10f0}, {0x1cb1, 0x10f1},
	{0x1cb2, 0x10f2}, {0x1cb3, 0x10f3}, {0x1cb4, 0x10f4}, {0x1cb5, 0x10f5}, {0x1cb6, 0x10f6}, {0x1cb7, 0x10f7},
	{0x1cb8, 0x10f8}, {0x1cb9, 0x10f9}, {0x1cba, 0x10fa}, {0x1cbd, 0x10fd}, {0x1cbe, 0x10fe}, {0x1cbf, 0x10ff},
	{0x1e00, 0x1e01}, {0x1e02, 0x1e03}, {0x1e04, 0x1e05}, {0x1e06, 0x1e07}, {0x1e08, 0x1e09}, {0x1e0a, 0x1e0b},
	{0x1e0c, 0x1e0d}, {0x1e0e, 0x1e0f}, {0x1e10, 0x1e11}, {0x1e12, 0x1e13}, {0x1e14, 0x1e15}, {0x1e16, 0x1e17},
	{0x1e18, 0x1e19}, {0x1e1a, 0x1e1b}, {0x1e1c, 0x1e1d}, {0x1e1e, 0x1e1f}, {0x1e20, 0x1e21}, {0x1e22, 0x1e23},
	{0x1e24, 0x1e25}, {0x1e26, 0x1e27}, {0x1e28, 0x1e29}, {0x1e2a, 0x1e2b}, {0x1e2c, 0x1e2d}, {0x1e2e, 0x1e2f},
	{0x1e30, 0x1e31}, {0x1e32, 0x1e33}, {0x1e34, 0x1e35}, {0x1e36, 0x1e37}, {0x1e38, 0x1e39}, {0x1e3a, 0x1e3b},
	{0x1e3c, 0x1e3d}, {0x1e3e, 0x1e3f}, {0x1e40, 0x1e41}, {0x1e42, 0x1e43}, {0x1e44, 0x1e45}, {0x1e46, 0x1e47},
	{0x1e48, 0x1e49}, {0x1e4a, 0x1e4b}, {0x1e4c, 0x1e4d}, {0x1e4e, 0x1e4f}, {0x1e50, 0x1e51}, {0x1e52, 0x1e53},
	{0x1e54, 0x1e55}, {0x1e56, 0x1e57}, {0x1e58, 0x1e59}, {0x1e5a, 0x1e5b}, {0x1e5c, 0x1e5d}, {0x1e5e, 0x1e5f},
	{0x1e60, 0x1e61}, {0x1e62, 0x1e63}, {0x1e64, 0x1e65}, {0x1e66, 0x1e67}, {0x1e68, 0x1e69}, {0x1e6a, 0x1e6b},
	{0x1e6c, 0x1e6d}, {0x1e6e, 0x1e6f}, {0x1e70, 0x1e71}, {0x1e72, 0x1e73}, {0x1e74, 0x1e75}, {0x1e76, 0x1e77},
	{0x1e78, 0x1e79}, {0x1e7a, 0x1e7b}, {0x1e7c, 0x1e7d}, {0x1e7e, 0x1e7f}, {0x1e80, 0x1e81}, {0x1e82, 0x1e83},
	{0x1e84, 0x1e85}, {0x1e86, 0x1e87}, {0x1e88, 0x1e89}, {0x1e8a, 0x1e8b}, {0x1e8c, 0x1e8d}, {0x1e8e, 0x1e8f},
	{0x1e90, 0x1e91}, {0x1e92, 0x1e93}, {0x1e94, 0x1e95}, {0x1e9e, 0xdf}, {0x1ea0, 0x1ea1}, {0x1ea2, 0x1ea3},
	{0x1ea4, 0x1ea5}, {0x1ea6, 0x1ea7}, {0x1ea8, 0x1ea9}, {0x1eaa, 0x1eab}, {0x1eac, 0x1ead}, {0x1eae, 0x1eaf},
	{0x1eb0, 0x1eb1}, {0x1eb2, 0x1eb3}, {0x1eb4, 0x1eb5}, {0x1eb6, 0x1eb7}, {0x1eb8, 0x1eb9}, {0x1eba, 0x1ebb},
	{0x1ebc, 0x1ebd}, {0x1ebe, 0x1ebf}, {0x1ec0, 0x1ec1}, {0x1ec2, 0x1ec3}, {0x1ec4, 0x1ec5}, {0x1ec6, 0x1ec7},
	{0x1ec8, 0x1ec9}, {0x1eca, 0x1ecb}, {0x1ecc, 0x1ecd}, {0x1ece, 0x1ecf}, {0x1ed0, 0x1ed1}, {0x1ed2, 0x1ed3},
	{0x1ed4, 0x1ed5}, {0x1ed6, 0x1ed7}, {0x1ed8, 0x1ed9}, {0x1eda, 0x1edb}, {0x1edc, 0x1edd}, {0x1ede, 0x1edf},
	{0x1ee0, 0x1ee1}, {0x1ee2, 0x1ee3}, {0x1ee4, 0x1ee5}, {0x1ee6, 0x1ee7}, {0x1ee8, 0x1ee9}, {0x1eea, 0x1eeb},
	{0x1eec, 0x1eed}, {0x1eee, 0x1eef}, {0x1ef0, 0x1ef1}, {0x1ef2, 0x1ef3}, {0x1ef4, 0x1ef5}, {0x1ef6, 0x1ef7},
	{0x1ef8, 0x1ef9}, {0x1efa, 0x1efb}, {0x1efc, 0x1efd}, {0x1efe, 0x1eff}, {0x1f08, 0x1f00}, {0x1f09, 0x1f01},
	{0x1f0a, 0x1f02}, {0x1f0b, 0x1f03}, {0x1f0c, 0x1f04}, {0x1f0d, 0x1f05}, {0x1f0e, 0x1f06}, {0x1f0f, 0x1f07},
	{0x1f18, 0x1f10}, {0x1f19, 0x1f11}, {0x1f1a, 0x1f12}, {0x1f1b, 0x1f13}, {0x1f1c, 0x1f14}, {0x1f1d, 0x1f15},
	{0x1f28, 0x1f20}, {0x1f29, 0x1f21}, {0x1f2a, 0x1f22}, {0x1f2b, 0x1f23}, {0x1f2c, 0x1f24}, {0x1f2d, 0x1f25},
	{0x1f2e, 0x1f26}, {0x1f2f, 0x1f27}, {0x1f38, 0x1f30}, {0x1f39, 0x1f31}, {0x1f3a, 0x1f32}, {0x1f3b, 0x1f33},
	{0x1f3c, 0x1f34}, {0x1f3d, 0x1f35}, {0x1f3e, 0x1f36}, {0x1f3f, 0x1f37}, {0x1f48, 0x1f40}, {0x1f49, 0x1f41},
	{0x1f4a, 0x1f42}, {0x1f4b, 0x1f43}, {0x1f4c, 0x1f44}, {0x1f4d, 0x1f45}, {0x1f59, 0x1f51}, {0x1f5b, 0x1f53},
	{0x1f5d, 0x1f55}, {0x1f5f, 0x1f57}, {0x1f68, 0x1f60}, {0x1f69, 0x1f61}, {0x1f6a, 0x1f62}, {0x1f6b, 0x1f63},
	{0x1f6c, 0x1f64}, {0x1f6d, 0x1f65}, {0x1f6e, 0x1f66}, {0x1f6f, 0x1f67}, {0x1f88, 0x1f80}, {0x1f89, 0x1f81},
	{0x1f8a, 0x1f82}, {0x1f8b, 0x1f83}, {0x1f8c, 0x1f84}, {0x1f8d, 0x1f85}, {0x1f8e, 0x1f86}, {0x1f8f, 0x1f87},
	{0x1f98, 0x1f90}, {0x1f99, 0x1f91}, {0x1f9a, 0x1f92}, {0x1f9b, 0x1f93}, {0x1f9c, 0x1f94}, {0x1f9d, 0x1f95},
	{0x1f9e, 0x1f96}, {0x1f9f, 0x1f97}, {0x1fa8, 0x1fa0}, {0x1fa9, 0x1fa1}, {0x1faa, 0x1fa2}, {0x1fab, 0x1fa3},
	{0x1fac, 0x1fa4}, {0x1fad, 0x1fa5}, {0x1fae, 0x1fa6}, {0x1faf, 0x1fa7}, {0x1fb8, 0x1fb0}, {0x1fb9, 0x1fb1},
	{0x1fba, 0x1f70}, {0x1fbb, 0x1f71}, {0x1fbc, 0x1fb3}, {0x1fc8, 0x1f72}, {0x1fc9, 0x1f73}, {0x1fca, 0x1f74},
	{0x1fcb, 0x1f75}, {0x1fcc, 0x1fc3}, {0x1fd8, 0x1fd0}, {0x1fd9, 0x1fd1}, {0x1fda, 0x1f76}, {0x1fdb, 0x1f77},
	{0x1fe8, 0x1fe0}, {0x1fe9, 0x1fe1}, {0x1fea, 0x1f7a}, {0x1feb, 0x1f7b}, {0x1fec, 0x1fe5}, {0x1ff8, 0x1f78},
	{0x1ff9, 0x1f79}, {0x1ffa, 0x1f7c}, {0x1ffb, 0x1f7d}, {0x1ffc, 0x1ff3}, {0x2126, 0x3c9}, {0x212a, 0x6b},
	{0x212b, 0xe5}, {0x2132, 0x214e}, {0x2160, 0x2170}, {0x2161, 0x2171}, {0x2162, 0x2172}, {0x2163, 0x2173},
	{0x2164, 0x2174}, {0x2165, 0x2175}, {0x2166, 0x2176}, {0x2167, 0x2177}, {0x2168, 0x2178}, {0x2169, 0x2179},
	{0x216a, 0x217a}, {0x216b, 0x217b}, {0x216c, 0x217c}, {0x216d, 0x217d}, {0x216e, 0x217e}, {0x216f, 0x217f},
	{0x2183, 0x2184}, {0x24b6, 0x24d0}, {0x24b7, 0x24d1}, {0x24b8, 0x24d2}, {0x24b9, 0x24d3}, {0x24ba, 0x24d4},
	{0x24bb, 0x24d5}, {0x24bc, 0x24d6}, {0x24bd, 0x24d7}, {0x24be, 0x24d8}, {0x24bf, 0x24d9}, {0x24c0, 0x24da},
	{0x24c1, 0x24db}, {0x24c2, 0x24dc}, {0x24c3, 0x24dd}, {0x24c4, 0x24de}, {0x24c5, 0x24df}, {0x24c6, 0x24e0},
	{0x24c7, 0x24e1}, {0x24c8, 0x24e2}, {0x24c9, 0x24e3}, {0x24ca, 0x24e4}, {0x24cb, 0x24e5}, {0x24cc, 0x24e6},
	{0x24cd, 0x24e7}, {0x24ce, 0x24e8}, {0x24cf, 0x24e9}, {0x2c00, 0x2c30}, {0x2c01, 0x2c31}, {0x2c02, 0x2c32},
	{0x2c03, 0x2c33}, {0x2c04, 0x2c34}, {0x2c05, 0x2c35}, {0x2c06, 0x2c36}, {0x2c07, 0x2c37}, {0x2c08, 0x2c38},
	{0x2c09, 0x2c39}, {0x2c0a, 0x2c3a}, {0x2c0b, 0x2c3b}, {0x2c0c, 0x2c3c}, {0x2c0d, 0x2c3d}, {0x2c0e, 0x2c3e},
	{0x2c0f, 0x2c3f}, {0x2c10, 0x2c40}, {0x2c11, 0x2c41}, {0x2c12, 0x2c42}, {0x2c13, 0x2c43}, {0x2c14, 0x2c44},
	{0x2c15, 0x2c45}, {0x2c16, 0x2c46}, {0x2c17, 0x2c47}, {0x2c18, 0x2c48}, {0x2c19, 0x2c49}, {0x2c1a, 0x2c4a},
	{0x2c1b, 0x2c4b}, {0x2c1c, 0x2c4c}, {0x2c1d, 0x2c4d}, {0x2c1e, 0x2c4e}, {0x2c1f, 0x2c4f}, {0x2c20, 0x2c50},
	{0x2c21, 0x2c51}, {0x2c22, 0x2c52}, {0x2c23, 0x2c53}, {0x2c24, 0x2c54}, {0x2c25, 0x2c55}, {0x2c26, 0x2c56},
	{0x2c27, 0x2c57}, {0x2c28, 0x2c58}, {0x2c29, 0x2c59}, {0x2c2a, 0x2c5a}, {0x2c2b, 0x2c5b}, {0x2c2c, 0x2c5c},
	{0x2c2d, 0x2c5d}, {0x2c2e, 0x2c5e}, {0x2c2f, 0x2c5f}, {0x2c60, 0x2c61}, {0x2c62, 0x26b}, {0x2c63, 0x1d7d},
	{0x2c64, 0x27d}, {0x2c67, 0x2c68}, {0x2c69, 0x2c6a}, {0x2c6b, 0x2c6c}, {0x2c6d, 0x251}, {0x2c6e, 0x271},
	{0x2c6f, 0x250}, {0x2c70, 0x252}, {0x2c72, 0x2c73}, {0x2c75, 0x2c76}, {0x2c7e, 0x23f}, {0x2c7f, 0x240},
	{0x2c80, 0x2c81}, {0x2c82, 0x2c83}, {0x2c84, 0x2c85}, {0x2c86, 0x2c87}, {0x2c88, 0x2c89}, {0x2c8a, 0x2c8b},
	{0x2c8c, 0x2c8d}, {0x2c8e, 0x2c8f}, {0x2c90, 0x2c91}, {0x2c92, 0x2c93}, {0x2c94, 0x2c95}, {0x2c96, 0x2c97},
	{0x2c98, 0x2c99}, {0x2c9a, 0x2c9b}, {0x2c9c, 0x2c9d}, {0x2c9e, 0x2c9f}, {0x2ca0, 0x2ca1}, {0x2ca2, 0x2ca3},
	{0x2ca4, 0x2ca5}, {0x2ca6, 0x2ca7}, {0x2ca8, 0x2ca9}, {0x2caa, 0x2cab}, {0x2cac, 0x2cad}, {0x2cae, 0x2caf},
	{0x2cb0, 0x2cb1}, {0x2cb2, 0x2cb3}, {0x2cb4, 0x2cb5}, {0x2cb6, 0x2cb7}, {0x2cb8, 0x2cb9}, {0x2cba, 0x2cbb},
	{0x2cbc, 0x2cbd}, {0x2cbe, 0x2cbf}, {0x2cc0, 0x2cc1}, {0x2cc2, 0x2cc3}, {0x2cc4, 0x2cc5}, {0x2cc6, 0x2cc7},
	{0x2cc8, 0x2cc9}, {0x2cca, 0x2ccb}, {0x2ccc, 0x2ccd}, {0x2cce, 0x2ccf}, {0x2cd0, 0x2cd1}, {0x2cd2, 0x2cd3},
	{0x2cd4, 0x2cd5}, {0x2cd6, 0x2cd7}, {0x2cd8, 0x2cd9}, {0x2cda, 0x2cdb}, {0x2cdc, 0x2cdd}, {0x2cde, 0x2cdf},
	{0x2ce0, 0x2ce1}, {0x2ce2, 0x2ce3}, {0x2ceb, 0x2cec}, {0x2ced, 0x2cee}, {0x2cf2, 0x2cf3}, {0xa640, 0xa641},
	{0xa642, 0xa643}, {0xa644, 0xa645}, {0xa646, 0xa647}, {0xa648, 0xa649}, {0xa64a, 0xa64b}, {0xa64c, 0xa64d},
	{0xa64e, 0xa64f}, {0xa650, 0xa651}, {0xa652, 0xa653}, {0xa654, 0xa655}, {0xa656, 0xa657}, {0xa658, 0xa659},
	{0xa65a, 0xa65b}, {0xa65c, 0xa65d}, {0xa65e, 0xa65f}, {0xa660, 0xa661}, {0xa662, 0xa663}, {0xa664, 0xa665},
	{0xa666, 0xa667}, {0xa668, 0xa669}, {0xa66a, 0xa66b}, {0xa66c, 0xa66d}, {0xa680, 0xa681}, {0xa682, 0xa683},
	{0xa684, 0xa685}, {0xa686, 0xa687}, {0xa688, 0xa689}, {0xa68a, 0xa68b}, {0xa68c, 0xa68d}, {0xa68e, 0xa68f},
	{0xa690, 0xa691}, {0xa692, 0xa693}, {0xa694, 0xa695}, {0xa696, 0xa697}, {0xa698, 0xa699}, {0xa69a, 0xa69b},
	{0xa722, 0xa723}, {0xa724, 0xa725}, {0xa726, 0xa727}, {0xa728, 0xa729}, {0xa72a, 0xa72b}, {0xa72c, 0xa72d},
	{0xa72e, 0xa72f}, {0xa732, 0xa733}, {0xa734, 0xa735}, {0xa736, 0xa737}, {0xa738, 0xa739}, {0xa73a, 0xa73b},
	{0xa73c, 0xa73d}, {0xa73e, 0xa73f}, {0xa740, 0xa741}, {0xa742, 0xa743}, {0xa744, 0xa745}, {0xa746, 0xa747},
	{0xa748, 0xa749}, {0xa74a, 0xa74b}, {0xa74c, 0xa74d}, {0xa74e, 0xa74f}, {0xa750, 0xa751}, {0xa752, 0xa753},
	{0xa754, 0xa755}, {0xa756, 0xa757}, {0xa758, 0xa759}, {0xa75a, 0xa75b}, {0xa75c, 0xa75d}, {0xa75e, 0xa75f},
	{0xa760, 0xa761}, {0xa762, 0xa763}, {0xa764, 0xa765}, {0xa766, 0xa767}, {0xa768, 0xa769}, {0xa76a, 0xa76b},
	{0xa76c, 0xa76d}, {0xa76e, 0xa76f}, {0xa779, 0xa77a}, {0xa77b, 0xa77c}, {0xa77d, 0x1d79}, {0xa77e, 0xa77f},
	{0xa780, 0xa781}, {0xa782, 0xa783}, {0xa784, 0xa785}, {0xa786, 0xa787}, {0xa78b, 0xa78c}, {0xa78d, 0x265},
	{0xa790, 0xa791}, {0xa792, 0xa793}, {0xa796, 0xa797}, {0xa798, 0xa799}, {0xa79a, 0xa79b}, {0xa79c, 0xa79d},
	{0xa79e, 0xa79f}, {0xa7a0, 0xa7a1}, {0xa7a2, 0xa7a3}, {0xa7a4, 0xa7a5}, {0xa7a6, 0xa7a7}, {0xa7a8, 0xa7a9},
	{0xa7aa, 0x266}, {0xa7ab, 0x25c}, {0xa7ac, 0x261}, {0xa7ad, 0x26c}, {0xa7ae, 0x26a}, {0xa7b0, 0x29e},
	{0xa7b1, 0x287}, {0xa7b2, 0x29d}, {0xa7b3, 0xab53}, {0xa7b4, 0xa7b5}, {0xa7b6, 0xa7b7}, {0xa7b8, 0xa7b9},
	{0xa7ba, 0xa7bb}, {0xa7bc, 0xa7bd}, {0xa7be, 0xa7bf}, {0xa7c0, 0xa7c1}, {0xa7c2, 0xa7c3}, {0xa7c4, 0xa794},
	{0xa7c5, 0x282}, {0xa7c6, 0x1d8e}, {0xa7c7, 0xa7c8}, {0xa7c9, 0xa7ca}, {0xa7cb, 0x264}, {0xa7cc, 0xa7cd},
	{0xa7d0, 0xa7d1}, {0xa7d6, 0xa7d7}, {0xa7d8, 0xa7d9}, {0xa7da, 0xa7db}, {0xa7dc, 0x19b}, {0xa7f5, 0xa7f6},
	{0xff21, 0xff41}, {0xff22, 0xff42}, {0xff23, 0xff43}, {0xff24, 0xff44}, {0xff25, 0xff45}, {0xff26, 0xff46},
	{0xff27, 0xff47}, {0xff28, 0xff48}, {0xff29, 0xff49}, {0xff2a, 0xff4a}, {0xff2b, 0xff4b}, {0xff2c, 0xff4c},
	{0xff2d, 0xff4d}, {0xff2e, 0xff4e}, {0xff2f, 0xff4f}, {0xff30, 0xff50}, {0xff31, 0xff51}, {0xff32, 0xff52},
	{0xff33, 0xff53}, {0xff34, 0xff54}, {0xff35, 0xff55}, {0xff36, 0xff56}, {0xff37, 0xff57}, {0xff38, 0xff58},
	{0xff39, 0xff59}, {0xff3a, 0xff5a}, {0x10400, 0x10428}, {0x10401, 0x10429}, {0x10402, 0x1042a}, {0x10403, 0x1042b},
	{0x10404, 0x1042c}, {0x10405, 0x1042d}, {0x10406, 0x1042e}, {0x10407, 0x1042f}, {0x10408, 0x10430}, {0x10409, 0x10431},
	{0x1040a, 0x10432}, {0x1040b, 0x10433}, {0x1040c, 0x10434}, {0x1040d, 0x10435}, {0x1040e, 0x10436}, {0x1040f, 0x10437},
	{0x10410, 0x10438}, {0x10411, 0x10439}, {0x10412, 0x1043a}, {0x10413, 0x1043b}, {0x10414, 0x1043c}, {0x10415, 0x1043d},
	{0x10416, 0x1043e}, {0x10417, 0x1043f}, {0x10418, 0x10440}, {0x10419, 0x10441}, {0x1041a, 0x10442}, {0x1041b, 0x10443},
	{0x1041c, 0x10444}, {0x1041d, 0x10445}, {0x1041e, 0x10446}, {0x1041f, 0x10447}, {0x10420, 0x10448}, {0x10421, 0x10449},
	{0x10422, 0x1044a}, {0x10423, 0x1044b}, {0x10424, 0x1044c}, {0x10425, 0x1044d}, {0x10426, 0x1044e}, {0x10427, 0x1044f},
	{0x104b0, 0x104d8}, {0x104b1, 0x104d9}, {0x104b2, 0x104da}, {0x104b3, 0x104db}, {0x104b4, 0x104dc}, {0x104b5, 0x104dd},
	{0x104b6, 0x104de}, {0x104b7, 0x104df}, {0x104b8, 0x104e0}, {0x104b9, 0x104e1}, {0x104ba, 0x104e2}, {0x104bb, 0x104e3},
	{0x104bc, 0x104e4}, {0x104bd, 0x104e5}, {0x104be, 0x104e6}, {0x104bf, 0x104e7}, {0x104c0, 0x104e8}, {0x104c1, 0x104e9},
	{0x104c2, 0x104ea}, {0x104c3, 0x104eb}, {0x104c4, 0x104ec}, {0x104c5, 0x104ed}, {0x104c6, 0x104ee}, {0x104c7, 0x104ef},
	{0x104c8, 0x104f0}, {0x104c9, 0x104f1}, {0x104ca, 0x104f2}, {0x104cb, 0x104f3}, {0x104cc, 0x104f4}, {0x104cd, 0x104f5},
	{0x104ce, 0x104f6}, {0x104cf, 0x104f7}, {0x104d0, 0x104f8}, {0x104d1, 0x104f9}, {0x104d2, 0x104fa}, {0x104d3, 0x104fb},
	{0x10570, 0x10597}, {0x10571, 0x10598}, {0x10572, 0x10599}, {0x10573, 0x1059a}, {0x10574, 0x1059b}, {0x10575, 0x1059c},
	{0x10576, 0x1059d}, {0x10577, 0x1059e}, {0x10578, 0x1059f}, {0x10579, 0x105a0}, {0x1057a, 0x105a1}, {0x1057c, 0x105a3},
	{0x1057d, 0x105a4}, {0x1057e, 0x105a5}, {0x1057f, 0x105a6}, {0x10580, 0x105a7}, {0x10581, 0x105a8}, {0x10582, 0x105a9},
	{0x10583, 0x105aa}, {0x10584, 0x105ab}, {0x10585, 0x105ac}, {0x10586, 0x105ad}, {0x10587, 0x105ae}, {0x10588, 0x105af},
	{0x10589, 0x105b0}, {0x1058a, 0x105b1}, {0x1058c, 0x105b3}, {0x1058d, 0x105b4}, {0x1058e, 0x105b5}, {0x1058f, 0x105b6},
	{0x10590, 0x105b7}, {0x10591, 0x105b8}, {0x10592, 0x105b9}, {0x10594, 0x105bb}, {0x10595, 0x105bc}, {0x10c80, 0x10cc0},
	{0x10c81, 0x10cc1}, {0x10c82, 0x10cc2}, {0x10c83, 0x10cc3}, {0x10c84, 0x10cc4}, {0x10c85, 0x10cc5}, {0x10c86, 0x10cc6},
	{0x10c87, 0x10cc7}, {0x10c88, 0x10cc8}, {0x10c89, 0x10cc9}, {0x10c8a, 0x10cca}, {0x10c8b, 0x10ccb}, {0x10c8c, 0x10ccc},
	{0x10c8d, 0x10ccd}, {0x10c8e, 0x10cce}, {0x10c8f, 0x10ccf}, {0x10c90, 0x10cd0}, {0x10c91, 0x10cd1}, {0x10c92, 0x10cd2},
	{0x10c93, 0x10cd3}, {0x10c94, 0x10cd4}, {0x10c95, 0x10cd5}, {0x10c96, 0x10cd6}, {0x10c97, 0x10cd7}, {0x10c98, 0x10cd8},
	{0x10c99, 0x10cd9}, {0x10c9a, 0x10cda}, {0x10c9b, 0x10cdb}, {0x10c9c, 0x10cdc}, {0x10c9d, 0x10cdd}, {0x10c9e, 0x10cde},
	{0x10c9f, 0x10cdf}, {0x10ca0, 0x10ce0}, {0x10ca1, 0x10ce1}, {0x10ca2, 0x10ce2}, {0x10ca3, 0x10ce3}, {0x10ca4, 0x10ce4},
	{0x10ca5, 0x10ce5}, {0x10ca6, 0x10ce6}, {0x10ca7, 0x10ce7}, {0x10ca8, 0x10ce8}, {0x10ca9, 0x10ce9}, {0x10caa, 0x10cea},
	{0x10cab, 0x10ceb}, {0x10cac, 0x10cec}, {0x10cad, 0x10ced}, {0x10cae, 0x10cee}, {0x10caf, 0x10cef}, {0x10cb0, 0x10cf0},
	{0x10cb1, 0x10cf1}, {0x10cb2, 0x10cf2}, {0x10d50, 0x10d70}, {0x10d51, 0x10d71}, {0x10d52, 0x10d72}, {0x10d53, 0x10d73},
	{0x10d54, 0x10d74}, {0x10d55, 0x10d75}, {0x10d56, 0x10d76}, {0x10d57, 0x10d77}, {0x10d58, 0x10d78}, {0x10d59, 0x10d79},
	{0x10d5a, 0x10d7a}, {0x10d5b, 0x10d7b}, {0x10d5c, 0x10d7c}, {0x10d5d, 0x10d7d}, {0x10d5e, 0x10d7e}, {0x10d5f, 0x10d7f},
	{0x10d60, 0x10d80}, {0x10d61, 0x10d81}, {0x10d62, 0x10d82}, {0x10d63, 0x10d83}, {0x10d64, 0x10d84}, {0x10d65, 0x10d85},
	{0x118a0, 0x118c0}, {0x118a1, 0x118c1}, {0x118a2, 0x118c2}, {0x118a3, 0x118c3}, {0x118a4, 0x118c4}, {0x118a5, 0x118c5},
	{0x118a6, 0x118c6}, {0x118a7, 0x118c7}, {0x118a8, 0x118c8}, {0x118a9, 0x118c9}, {0x118aa, 0x118ca}, {0x118ab, 0x118cb},
	{0x118ac, 0x118cc}, {0x118ad, 0x118cd}, {0x118ae, 0x118ce}, {0x118af, 0x118cf}, {0x118b0, 0x118d0}, {0x118b1, 0x118d1},
	{0x118b2, 0x118d2}, {0x118b3, 0x118d3}, {0x118b4, 0x118d4}, {0x118b5, 0x118d5}, {0x118b6, 0x118d6}, {0x118b7, 0x118d7},
	{0x118b8, 0x118d8}, {0x118b9, 0x118d9}, {0x118ba, 0x118da}, {0x118bb, 0x118db}, {0x118bc, 0x118dc}, {0x118bd, 0x118dd},
	{0x118be, 0x118de}, {0x118bf, 0x118df}, {0x16e40, 0x16e60}, {0x16e41, 0x16e61}, {0x16e42, 0x16e62}, {0x16e43, 0x16e63},
	{0x16e44, 0x16e64}, {0x16e45, 0x16e65}, {0x16e46, 0x16e66}, {0x16e47, 0x16e67}, {0x16e48, 0x16e68}, {0x16e49, 0x16e69},
	{0x16e4a, 0x16e6a}, {0x16e4b, 0x16e6b}, {0x16e4c, 0x16e6c}, {0x16e4d, 0x16e6d}, {0x16e4e, 0x16e6e}, {0x16e4f, 0x16e6f},
	{0x16e50, 0x16e70}, {0x16e51, 0x16e71}, {0x16e52, 0x16e72}, {0x16e53, 0x16e73}, {0x16e54, 0x16e74}, {0x16e55, 0x16e75},
	{0x16e56, 0x16e76}, {0x16e57, 0x16e77}, {0x16e58, 0x16e78}, {0x16e59, 0x16e79}, {0x16e5a, 0x16e7a}, {0x16e5b, 0x16e7b},
	{0x16e5c, 0x16e7c}, {0x16e5d, 0x16e7d}, {0x16e5e, 0x16e7e}, {0x16e5f, 0x16e7f}, {0x1e900, 0x1e922}, {0x1e901, 0x1e923},
	{0x1e902, 0x1e924}, {0x1e903, 0x1e925}, {0x1e904, 0x1e926}, {0x1e905, 0x1e927}, {0x1e906, 0x1e928}, {0x1e907, 0x1e929},
	{0x1e908, 0x1e92a}, {0x1e909, 0x1e92b}, {0x1e90a, 0x1e92c}, {0x1e90b, 0x1e92d}, {0x1e90c, 0x1e92e}, {0x1e90d, 0x1e92f},
	{0x1e90e, 0x1e930}, {0x1e90f, 0x1e931}, {0x1e910, 0x1e932}, {0x1e911, 0x1e933}, {0x1e912, 0x1e934}, {0x1e913, 0x1e935},
	{0x1e914, 0x1e936}, {0x1e915, 0x1e937}, {0x1e916, 0x1e938}, {0x1e917, 0x1e939}, {0x1e918, 0x1e93a}, {0x1e919, 0x1e93b},
	{0x1e91a, 0x1e93c}, {0x1e91b, 0x1e93d}, {0x1e91c, 0x1e93e}, {0x1e91d, 0x1e93f}, {0x1e91e, 0x1e940}, {0x1e91f, 0x1e941},
	{0x1e920, 0x1e942}, {0x1e921, 0x1e943},
}

var tabUpper = []casePair{
	{0x61, 0x41}, {0x62, 0x42}, {0x63, 0x43}, {0x64, 0x44}, {0x65, 0x45}, {0x66, 0x46},
	{0x67, 0x47}, {0x68, 0x48}, {0x69, 0x49}, {0x6a, 0x4a}, {0x6b, 0x4b}, {0x6c, 0x4c},
	{0x6d, 0x4d}, {0x6e, 0x4e}, {0x6f, 0x4f}, {0x70, 0x50}, {0x71, 0x51}, {0x72, 0x52},
	{0x73, 0x53}, {0x74, 0x54}, {0x75, 0x55}, {0x76, 0x56}, {0x77, 0x57}, {0x78, 0x58},
	{0x79, 0x59}, {0x7a, 0x5a}, {0xb5, 0x39c}, {0xdf, 0x53}, {0xe0, 0xc0}, {0xe1, 0xc1},
	{0xe2, 0xc2}, {0xe3, 0xc3}, {0xe4, 0xc4}, {0xe5, 0xc5}, {0xe6, 0xc6}, {0xe7, 0xc7},
	{0xe8, 0xc8}, {0xe9, 0xc9}, {0xea, 0xca}, {0xeb, 0xcb}, {0xec, 0xcc}, {0xed, 0xcd},
	{0xee, 0xce}, {0xef, 0xcf}, {0xf0, 0xd0}, {0xf1, 0xd1}, {0xf2, 0xd2}, {0xf3, 0xd3},
	{0xf4, 0xd4}, {0xf5, 0xd5}, {0xf6, 0xd6}, {0xf8, 0xd8}, {0xf9, 0xd9}, {0xfa, 0xda},
	{0xfb, 0xdb}, {0xfc, 0xdc}, {0xfd, 0xdd}, {0xfe, 0xde}, {0xff, 0x178}, {0x101, 0x100},
	{0x103, 0x102}, {0x105, 0x104}, {0x107, 0x106}, {0x109, 0x108}, {0x10b, 0x10a}, {0x10d, 0x10c},
	{0x10f, 0x10e}, {0x111, 0x110}, {0x113, 0x112}, {0x115, 0x114}, {0x117, 0x116}, {0x119, 0x118},
	{0x11b, 0x11a}, {0x11d, 0x11c}, {0x11f, 0x11e}, {0x121, 0x120}, {0x123, 0x122}, {0x125, 0x124},
	{0x127, 0x126}, {0x129, 0x128}, {0x12b, 0x12a}, {0x12d, 0x12c}, {0x12f, 0x12e}, {0x131, 0x49},
	{0x133, 0x132}, {0x135, 0x134}, {0x137, 0x136}, {0x13a, 0x139}, {0x13c, 0x13b}, {0x13e, 0x13d},
	{0x140, 0x13f}, {0x142, 0x141}, {0x144, 0x143}, {0x146, 0x145}, {0x148, 0x147}, {0x149, 0x2bc},
	{0x14b, 0x14a}, {0x14d, 0x14c}, {0x14f, 0x14e}, {0x151, 0x150}, {0x153, 0x152}, {0x155, 0x154},
	{0x157, 0x156}, {0x159, 0x158}, {0x15b, 0x15a}, {0x15d, 0x15c}, {0x15f, 0x15e}, {0x161, 0x160},
	{0x163, 0x162}, {0x165, 0x164}, {0x167, 0x166}, {0x169, 0x168}, {0x16b, 0x16a}, {0x16d, 0x16c},
	{0x16f, 0x16e}, {0x171, 0x170}, {0x173, 0x172}, {0x175, 0x174}, {0x177, 0x176}, {0x17a, 0x179},
	{0x17c, 0x17b}, {0x17e, 0x17d}, {0x17f, 0x53}, {0x180, 0x243}, {0x183, 0x182}, {0x185, 0x184},
	{0x188, 0x187}, {0x18c, 0x18b}, {0x192, 0x191}, {0x195, 0x1f6}, {0x199, 0x198}, {0x19a, 0x23d},
	{0x19b, 0xa7dc}, {0x19e, 0x220}, {0x1a1, 0x1a0}, {0x1a3, 0x1a2}, {0x1a5, 0x1a4}, {0x1a8, 0x1a7},
	{0x1ad, 0x1ac}, {0x1b0, 0x1af}, {0x1b4, 0x1b3}, {0x1b6, 0x1b5}, {0x1b9, 0x1b8}, {0x1bd, 0x1bc},
	{0x1bf, 0x1f7}, {0x1c5, 0x1c4}, {0x1c6, 0x1c4}, {0x1c8, 0x1c7}, {0x1c9, 0x1c7}, {0x1cb, 0x1ca},
	{0x1cc, 0x1ca}, {0x1ce, 0x1cd}, {0x1d0, 0x1cf}, {0x1d2, 0x1d1}, {0x1d4, 0x1d3}, {0x1d6, 0x1d5},
	{0x1d8, 0x1d7}, {0x1da, 0x1d9}, {0x1dc, 0x1db}, {0x1dd, 0x18e}, {0x1df, 0x1de}, {0x1e1, 0x1e0},
	{0x1e3, 0x1e2}, {0x1e5, 0x1e4}, {0x1e7, 0x1e6}, {0x1e9, 0x1e8}, {0x1eb, 0x1ea}, {0x1ed, 0x1ec},
	{0x1ef, 0x1ee}, {0x1f0, 0x4a}, {0x1f2, 0x1f1}, {0x1f3, 0x1f1}, {0x1f5, 0x1f4}, {0x1f9, 0x1f8},
	{0x1fb, 0x1fa}, {0x1fd, 0x1fc}, {0x1ff, 0x1fe}, {0x201, 0x200}, {0x203, 0x202}, {0x205, 0x204},
	{0x207, 0x206}, {0x209, 0x208}, {0x20b, 0x20a}, {0x20d, 0x20c}, {0x20f, 0x20e}, {0x211, 0x210},
	{0x213, 0x212}, {0x215, 0x214}, {0x217, 0x216}, {0x219, 0x218}, {0x21b, 0x21a}, {0x21d, 0x21c},
	{0x21f, 0x21e}, {0x223, 0x222}, {0x225, 0x224}, {0x227, 0x226}, {0x229, 0x228}, {0x22b, 0x22a},
	{0x22d, 0x22c}, {0x22f, 0x22e}, {0x231, 0x230}, {0x233, 0x232}, {0x23c, 0x23b}, {0x23f, 0x2c7e},
	{0x240, 0x2c7f}, {0x242, 0x241}, {0x247, 0x246}, {0x249, 0x248}, {0x24b, 0x24a}, {0x24d, 0x24c},
	{0x24f, 0x24e}, {0x250, 0x2c6f}, {0x251, 0x2c6d}, {0x252, 0x2c70}, {0x253, 0x181}, {0x254, 0x186},
	{0x256, 0x189}, {0x257, 0x18a}, {0x259, 0x18f}, {0x25b, 0x190}, {0x25c, 0xa7ab}, {0x260, 0x193},
	{0x261, 0xa7ac}, {0x263, 0x194}, {0x264, 0xa7cb}, {0x265, 0xa78d}, {0x266, 0xa7aa}, {0x268, 0x197},
	{0x269, 0x196}, {0x26a, 0xa7ae}, {0x26b, 0x2c62}, {0x26c, 0xa7ad}, {0x26f, 0x19c}, {0x271, 0x2c6e},
	{0x272, 0x19d}, {0x275, 0x19f}, {0x27d, 0x2c64}, {0x280, 0x1a6}, {0x282, 0xa7c5}, {0x283, 0x1a9},
	{0x287, 0xa7b1}, {0x288, 0x1ae}, {0x289, 0x244}, {0x28a, 0x1b1}, {0x28b, 0x1b2}, {0x28c, 0x245},
	{0x292, 0x1b7}, {0x29d, 0xa7b2}, {0x29e, 0xa7b0}, {0x345, 0x399}, {0x371, 0x370}, {0x373, 0x372},
	{0x377, 0x376}, {0x37b, 0x3fd}, {0x37c, 0x3fe}, {0x37d, 0x3ff}, {0x390, 0x399}, {0x3ac, 0x386},
	{0x3ad, 0x388}, {0x3ae, 0x389}, {0x3af, 0x38a}, {0x3b0, 0x3a5}, {0x3b1, 0x391}, {0x3b2, 0x392},
	{0x3b3, 0x393}, {0x3b4, 0x394}, {0x3b5, 0x395}, {0x3b6, 0x396}, {0x3b7, 0x397}, {0x3b8, 0x398},
	{0x3b9, 0x399}, {0x3ba, 0x39a}, {0x3bb, 0x39b}, {0x3bc, 0x39c}, {0x3bd, 0x39d}, {0x3be, 0x39e},
	{0x3bf, 0x39f}, {0x3c0, 0x3a0}, {0x3c1, 0x3a1}, {0x3c2, 0x3a3}, {0x3c3, 0x3a3}, {0x3c4, 0x3a4},
	{0x3c5, 0x3a5}, {0x3c6, 0x3a6}, {0x3c7, 0x3a7}, {0x3c8, 0x3a8}, {0x3c9, 0x3a9}, {0x3ca, 0x3aa},
	{0x3cb, 0x3ab}, {0x3cc, 0x38c}, {0x3cd, 0x38e}, {0x3ce, 0x38f}, {0x3d0, 0x392}, {0x3d1, 0x398},
	{0x3d5, 0x3a6}, {0x3d6, 0x3a0}, {0x3d7, 0x3cf}, {0x3d9, 0x3d8}, {0x3db, 0x3da}, {0x3dd, 0x3dc},
	{0x3df, 0x3de}, {0x3e1, 0x3e0}, {0x3e3, 0x3e2}, {0x3e5, 0x3e4}, {0x3e7, 0x3e6}, {0x3e9, 0x3e8},
	{0x3eb, 0x3ea}, {0x3ed, 0x3ec}, {0x3ef, 0x3ee}, {0x3f0, 0x39a}, {0x3f1, 0x3a1}, {0x3f2, 0x3f9},
	{0x3f3, 0x37f}, {0x3f5, 0x395}, {0x3f8, 0x3f7}, {0x3fb, 0x3fa}, {0x430, 0x410}, {0x431, 0x411},
	{0x432, 0x412}, {0x433, 0x413}, {0x434, 0x414}, {0x435, 0x415}, {0x436, 0x416}, {0x437, 0x417},
	{0x438, 0x418}, {0x439, 0x419}, {0x43a, 0x41a}, {0x43b, 0x41b}, {0x43c, 0x41c}, {0x43d, 0x41d},
	{0x43e, 0x41e}, {0x43f, 0x41f}, {0x440, 0x420}, {0x441, 0x421}, {0x442, 0x422}, {0x443, 0x423},
	{0x444, 0x424}, {0x445, 0x425}, {0x446, 0x426}, {0x447, 0x427}, {0x448, 0x428}, {0x449, 0x429},
	{0x44a, 0x42a}, {0x44b, 0x42b}, {0x44c, 0x42c}, {0x44d, 0x42d}, {0x44e, 0x42e}, {0x44f, 0x42f},
	{0x450, 0x400}, {0x451, 0x401}, {0x452, 0x402}, {0x453, 0x403}, {0x454, 0x404}, {0x455, 0x405},
	{0x456, 0x406}, {0x457, 0x407}, {0x458, 0x408}, {0x459, 0x409}, {0x45a, 0x40a}, {0x45b, 0x40b},
	{0x45c, 0x40c}, {0x45d, 0x40d}, {0x45e, 0x40e}, {0x45f, 0x40f}, {0x461, 0x460}, {0x463, 0x462},
	{0x465, 0x464}, {0x467, 0x466}, {0x469, 0x468}, {0x46b, 0x46a}, {0x46d, 0x46c}, {0x46f, 0x46e},
	{0x471, 0x470}, {0x473, 0x472}, {0x475, 0x474}, {0x477, 0x476}, {0x479, 0x478}, {0x47b, 0x47a},
	{0x47d, 0x47c}, {0x47f, 0x47e}, {0x481, 0x480}, {0x48b, 0x48a}, {0x48d, 0x48c}, {0x48f, 0x48e},
	{0x491, 0x490}, {0x493, 0x492}, {0x495, 0x494}, {0x497, 0x496}, {0x499, 0x498}, {0x49b, 0x49a},
	{0x49d, 0x49c}, {0x49f, 0x49e}, {0x4a1, 0x4a0}, {0x4a3, 0x4a2}, {0x4a5, 0x4a4}, {0x4a7, 0x4a6},
	{0x4a9, 0x4a8}, {0x4ab, 0x4aa}, {0x4ad, 0x4ac}, {0x4af, 0x4ae}, {0x4b1, 0x4b0}, {0x4b3, 0x4b2},
	{0x4b5, 0x4b4}, {0x4b7, 0x4b6}, {0x4b9, 0x4b8}, {0x4bb, 0x4ba}, {0x4bd, 0x4bc}, {0x4bf, 0x4be},
	{0x4c2, 0x4c1}, {0x4c4, 0x4c3}, {0x4c6, 0x4c5}, {0x4c8, 0x4c7}, {0x4ca, 0x4c9}, {0x4cc, 0x4cb},
	{0x4ce, 0x4cd}, {0x4cf, 0x4c0}, {0x4d1, 0x4d0}, {0x4d3, 0x4d2}, {0x4d5, 0x4d4}, {0x4d7, 0x4d6},
	{0x4d9, 0x4d8}, {0x4db, 0x4da}, {0x4dd, 0x4dc}, {0x4df, 0x4de}, {0x4e1, 0x4e0}, {0x4e3, 0x4e2},
	{0x4e5, 0x4e4}, {0x4e7, 0x4e6}, {0x4e9, 0x4e8}, {0x4eb, 0x4ea}, {0x4ed, 0x4ec}, {0x4ef, 0x4ee},
	{0x4f1, 0x4f0}, {0x4f3, 0x4f2}, {0x4f5, 0x4f4}, {0x4f7, 0x4f6}, {0x4f9, 0x4f8}, {0x4fb, 0x4fa},
	{0x4fd, 0x4fc}, {0x4ff, 0x4fe}, {0x501, 0x500}, {0x503, 0x502}, {0x505, 0x504}, {0x507, 0x506},
	{0x509, 0x508}, {0x50b, 0x50a}, {0x50d, 0x50c}, {0x50f, 0x50e}, {0x511, 0x510}, {0x513, 0x512},
	{0x515, 0x514}, {0x517, 0x516}, {0x519, 0x518}, {0x51b, 0x51a}, {0x51d, 0x51c}, {0x51f, 0x51e},
	{0x521, 0x520}, {0x523, 0x522}, {0x525, 0x524}, {0x527, 0x526}, {0x529, 0x528}, {0x52b, 0x52a},
	{0x52d, 0x52c}, {0x52f, 0x52e}, {0x561, 0x531}, {0x562, 0x532}, {0x563, 0x533}, {0x564, 0x534},
	{0x565, 0x535}, {0x566, 0x536}, {0x567, 0x537}, {0x568, 0x538}, {0x569, 0x539}, {0x56a, 0x53a},
	{0x56b, 0x53b}, {0x56c, 0x53c}, {0x56d, 0x53d}, {0x56e, 0x53e}, {0x56f, 0x53f}, {0x570, 0x540},
	{0x571, 0x541}, {0x572, 0x542}, {0x573, 0x543}, {0x574, 0x544}, {0x575, 0x545}, {0x576, 0x546},
	{0x577, 0x547}, {0x578, 0x548}, {0x579, 0x549}, {0x57a, 0x54a}, {0x57b, 0x54b}, {0x57c, 0x54c},
	{0x57d, 0x54d}, {0x57e, 0x54e}, {0x57f, 0x54f}, {0x580, 0x550}, {0x581, 0x551}, {0x582, 0x552},
	{0x583, 0x553}, {0x584, 0x554}, {0x585, 0x555}, {0x586, 0x556}, {0x587, 0x535}, {0x10d0, 0x1c90},
	{0x10d1, 0x1c91}, {0x10d2, 0x1c92}, {0x10d3, 0x1c93}, {0x10d4, 0x1c94}, {0x10d5, 0x1c95}, {0x10d6, 0x1c96},
	{0x10d7, 0x1c97}, {0x10d8, 0x1c98}, {0x10d9, 0x1c99}, {0x10da, 0x1c9a}, {0x10db, 0x1c9b}, {0x10dc, 0x1c9c},
	{0x10dd, 0x1c9d}, {0x10de, 0x1c9e}, {0x10df, 0x1c9f}, {0x10e0, 0x1ca0}, {0x10e1, 0x1ca1}, {0x10e2, 0x1ca2},
	{0x10e3, 0x1ca3}, {0x10e4, 0x1ca4}, {0x10e5, 0x1ca5}, {0x10e6, 0x1ca6}, {0x10e7, 0x1ca7}, {0x10e8, 0x1ca8},
	{0x10e9, 0x1ca9}, {0x10ea, 0x1caa}, {0x10eb, 0x1cab}, {0x10ec, 0x1cac}, {0x10ed, 0x1cad}, {0x10ee, 0x1cae},
	{0x10ef, 0x1caf}, {0x10f0, 0x1cb0}, {0x10f1, 0x1cb1}, {0x10f2, 0x1cb2}, {0x10f3, 0x1cb3}, {0x10f4, 0x1cb4},
	{0x10f5, 0x1cb5}, {0x10f6, 0x1cb6}, {0x10f7, 0x1cb7}, {0x10f8, 0x1cb8}, {0x10f9, 0x1cb9}, {0x10fa, 0x1cba},
	{0x10fd, 0x1cbd}, {0x10fe, 0x1cbe}, {0x10ff, 0x1cbf}, {0x13f8, 0x13f0}, {0x13f9, 0x13f1}, {0x13fa, 0x13f2},
	{0x13fb, 0x13f3}, {0x13fc, 0x13f4}, {0x13fd, 0x13f5}, {0x1c80, 0x412}, {0x1c81, 0x414}, {0x1c82, 0x41e},
	{0x1c83, 0x421}, {0x1c84, 0x422}, {0x1c85, 0x422}, {0x1c86, 0x42a}, {0x1c87, 0x462}, {0x1c88, 0xa64a},
	{0x1c8a, 0x1c89}, {0x1d79, 0xa77d}, {0x1d7d, 0x2c63}, {0x1d8e, 0xa7c6}, {0x1e01, 0x1e00}, {0x1e03, 0x1e02},
	{0x1e05, 0x1e04}, {0x1e07, 0x1e06}, {0x1e09, 0x1e08}, {0x1e0b, 0x1e0a}, {0x1e0d, 0x1e0c}, {0x1e0f, 0x1e0e},
	{0x1e11, 0x1e10}, {0x1e13, 0x1e12}, {0x1e15, 0x1e14}, {0x1e17, 0x1e16}, {0x1e19, 0x1e18}, {0x1e1b, 0x1e1a},
	{0x1e1d, 0x1e1c}, {0x1e1f, 0x1e1e}, {0x1e21, 0x1e20}, {0x1e23, 0x1e22}, {0x1e25, 0x1e24}, {0x1e27, 0x1e26},
	{0x1e29, 0x1e28}, {0x1e2b, 0x1e2a}, {0x1e2d, 0x1e2c}, {0x1e2f, 0x1e2e}, {0x1e31, 0x1e30}, {0x1e33, 0x1e32},
	{0x1e35, 0x1e34}, {0x1e37, 0x1e36}, {0x1e39, 0x1e38}, {0x1e3b, 0x1e3a}, {0x1e3d, 0x1e3c}, {0x1e3f, 0x1e3e},
	{0x1e41, 0x1e40}, {0x1e43, 0x1e42}, {0x1e45, 0x1e44}, {0x1e47, 0x1e46}, {0x1e49, 0x1e48}, {0x1e4b, 0x1e4a},
	{0x1e4d, 0x1e4c}, {0x1e4f, 0x1e4e}, {0x1e51, 0x1e50}, {0x1e53, 0x1e52}, {0x1e55, 0x1e54}, {0x1e57, 0x1e56},
	{0x1e59, 0x1e58}, {0x1e5b, 0x1e5a}, {0x1e5d, 0x1e5c}, {0x1e5f, 0x1e5e}, {0x1e61, 0x1e60}, {0x1e63, 0x1e62},
	{0x1e65, 0x1e64}, {0x1e67, 0x1e66}, {0x1e69, 0x1e68}, {0x1e6b, 0x1e6a}, {0x1e6d, 0x1e6c}, {0x1e6f, 0x1e6e},
	{0x1e71, 0x1e70}, {0x1e73, 0x1e72}, {0x1e75, 0x1e74}, {0x1e77, 0x1e76}, {0x1e79, 0x1e78}, {0x1e7b, 0x1e7a},
	{0x1e7d, 0x1e7c}, {0x1e7f, 0x1e7e}, {0x1e81, 0x1e80}, {0x1e83, 0x1e82}, {0x1e85, 0x1e84}, {0x1e87, 0x1e86},
	{0x1e89, 0x1e88}, {0x1e8b, 0x1e8a}, {0x1e8d, 0x1e8c}, {0x1e8f, 0x1e8e}, {0x1e91, 0x1e90}, {0x1e93, 0x1e92},
	{0x1e95, 0x1e94}, {0x1e96, 0x48}, {0x1e97, 0x54}, {0x1e98, 0x57}, {0x1e99, 0x59}, {0x1e9a, 0x41},
	{0x1e9b, 0x1e60}, {0x1ea1, 0x1ea0}, {0x1ea3, 0x1ea2}, {0x1ea5, 0x1ea4}, {0x1ea7, 0x1ea6}, {0x1ea9, 0x1ea8},
	{0x1eab, 0x1eaa}, {0x1ead, 0x1eac}, {0x1eaf, 0x1eae}, {0x1eb1, 0x1eb0}, {0x1eb3, 0x1eb2}, {0x1eb5, 0x1eb4},
	{0x1eb7, 0x1eb6}, {0x1eb9, 0x1eb8}, {0x1ebb, 0x1eba}, {0x1ebd, 0x1ebc}, {0x1ebf, 0x1ebe}, {0x1ec1, 0x1ec0},
	{0x1ec3, 0x1ec2}, {0x1ec5, 0x1ec4}, {0x1ec7, 0x1ec6}, {0x1ec9, 0x1ec8}, {0x1ecb, 0x1eca}, {0x1ecd, 0x1ecc},
	{0x1ecf, 0x1ece}, {0x1ed1, 0x1ed0}, {0x1ed3, 0x1ed2}, {0x1ed5, 0x1ed4}, {0x1ed7, 0x1ed6}, {0x1ed9, 0x1ed8},
	{0x1edb, 0x1eda}, {0x1edd, 0x1edc}, {0x1edf, 0x1ede}, {0x1ee1, 0x1ee0}, {0x1ee3, 0x1ee2}, {0x1ee5, 0x1ee4},
	{0x1ee7, 0x1ee6}, {0x1ee9, 0x1ee8}, {0x1eeb, 0x1eea}, {0x1eed, 0x1eec}, {0x1eef, 0x1eee}, {0x1ef1, 0x1ef0},
	{0x1ef3, 0x1ef2}, {0x1ef5, 0x1ef4}, {0x1ef7, 0x1ef6}, {0x1ef9, 0x1ef8}, {0x1efb, 0x1efa}, {0x1efd, 0x1efc},
	{0x1eff, 0x1efe}, {0x1f00, 0x1f08}, {0x1f01, 0x1f09}, {0x1f02, 0x1f0a}, {0x1f03, 0x1f0b}, {0x1f04, 0x1f0c},
	{0x1f05, 0x1f0d}, {0x1f06, 0x1f0e}, {0x1f07, 0x1f0f}, {0x1f10, 0x1f18}, {0x1f11, 0x1f19}, {0x1f12, 0x1f1a},
	{0x1f13, 0x1f1b}, {0x1f14, 0x1f1c}, {0x1f15, 0x1f1d}, {0x1f20, 0x1f28}, {0x1f21, 0x1f29}, {0x1f22, 0x1f2a},
	{0x1f23, 0x1f2b}, {0x1f24, 0x1f2c}, {0x1f25, 0x1f2d}, {0x1f26, 0x1f2e}, {0x1f27, 0x1f2f}, {0x1f30, 0x1f38},
	{0x1f31, 0x1f39}, {0x1f32, 0x1f3a}, {0x1f33, 0x1f3b}, {0x1f34, 0x1f3c}, {0x1f35, 0x1f3d}, {0x1f36, 0x1f3e},
	{0x1f37, 0x1f3f}, {0x1f40, 0x1f48}, {0x1f41, 0x1f49}, {0x1f42, 0x1f4a}, {0x1f43, 0x1f4b}, {0x1f44, 0x1f4c},
	{0x1f45, 0x1f4d}, {0x1f50, 0x3a5}, {0x1f51, 0x1f59}, {0x1f52, 0x3a5}, {0x1f53, 0x1f5b}, {0x1f54, 0x3a5},
	{0x1f55, 0x1f5d}, {0x1f56, 0x3a5}, {0x1f57, 0x1f5f}, {0x1f60, 0x1f68}, {0x1f61, 0x1f69}, {0x1f62, 0x1f6a},
	{0x1f63, 0x1f6b}, {0x1f64, 0x1f6c}, {0x1f65, 0x1f6d}, {0x1f66, 0x1f6e}, {0x1f67, 0x1f6f}, {0x1f70, 0x1fba},
	{0x1f71, 0x1fbb}, {0x1f72, 0x1fc8}, {0x1f73, 0x1fc9}, {0x1f74, 0x1fca}, {0x1f75, 0x1fcb}, {0x1f76, 0x1fda},
	{0x1f77, 0x1fdb}, {0x1f78, 0x1ff8}, {0x1f79, 0x1ff9}, {0x1f7a, 0x1fea}, {0x1f7b, 0x1feb}, {0x1f7c, 0x1ffa},
	{0x1f7d, 0x1ffb}, {0x1f80, 0x1f08}, {0x1f81, 0x1f09}, {0x1f82, 0x1f0a}, {0x1f83, 0x1f0b}, {0x1f84, 0x1f0c},
	{0x1f85, 0x1f0d}, {0x1f86, 0x1f0e}, {0x1f87, 0x1f0f}, {0x1f88, 0x1f08}, {0x1f89, 0x1f09}, {0x1f8a, 0x1f0a},
	{0x1f8b, 0x1f0b}, {0x1f8c, 0x1f0c}, {0x1f8d, 0x1f0d}, {0x1f8e, 0x1f0e}, {0x1f8f, 0x1f0f}, {0x1f90, 0x1f28},
	{0x1f91, 0x1f29}, {0x1f92, 0x1f2a}, {0x1f93, 0x1f2b}, {0x1f94, 0x1f2c}, {0x1f95, 0x1f2d}, {0x1f96, 0x1f2e},
	{0x1f97, 0x1f2f}, {0x1f98, 0x1f28}, {0x1f99, 0x1f29}, {0x1f9a, 0x1f2a}, {0x1f9b, 0x1f2b}, {0x1f9c, 0x1f2c},
	{0x1f9d, 0x1f2d}, {0x1f9e, 0x1f2e}, {0x1f9f, 0x1f2f}, {0x1fa0, 0x1f68}, {0x1fa1, 0x1f69}, {0x1fa2, 0x1f6a},
	{0x1fa3, 0x1f6b}, {0x1fa4, 0x1f6c}, {0x1fa5, 0x1f6d}, {0x1fa6, 0x1f6e}, {0x1fa7, 0x1f6f}, {0x1fa8, 0x1f68},
	{0x1fa9, 0x1f69}, {0x1faa, 0x1f6a}, {0x1fab, 0x1f6b}, {0x1fac, 0x1f6c}, {0x1fad, 0x1f6d}, {0x1fae, 0x1f6e},
	{0x1faf, 0x1f6f}, {0x1fb0, 0x1fb8}, {0x1fb1, 0x1fb9}, {0x1fb2, 0x1fba}, {0x1fb3, 0x391}, {0x1fb4, 0x386},
	{0x1fb6, 0x391}, {0x1fb7, 0x391}, {0x1fbc, 0x391}, {0x1fbe, 0x399}, {0x1fc2, 0x1fca}, {0x1fc3, 0x397},
	{0x1fc4, 0x389}, {0x1fc6, 0x397}, {0x1fc7, 0x397}, {0x1fcc, 0x397}, {0x1fd0, 0x1fd8}, {0x1fd1, 0x1fd9},
	{0x1fd2, 0x399}, {0x1fd3, 0x399}, {0x1fd6, 0x399}, {0x1fd7, 0x399}, {0x1fe0, 0x1fe8}, {0x1fe1, 0x1fe9},
	{0x1fe2, 0x3a5}, {0x1fe3, 0x3a5}, {0x1fe4, 0x3a1}, {0x1fe5, 0x1fec}, {0x1fe6, 0x3a5}, {0x1fe7, 0x3a5},
	{0x1ff2, 0x1ffa}, {0x1ff3, 0x3a9}, {0x1ff4, 0x38f}, {0x1ff6, 0x3a9}, {0x1ff7, 0x3a9}, {0x1ffc, 0x3a9},
	{0x214e, 0x2132}, {0x2170, 0x2160}, {0x2171, 0x2161}, {0x2172, 0x2162}, {0x2173, 0x2163}, {0x2174, 0x2164},
	{0x2175, 0x2165}, {0x2176, 0x2166}, {0x2177, 0x2167}, {0x2178, 0x2168}, {0x2179, 0x2169}, {0x217a, 0x216a},
	{0x217b, 0x216b}, {0x217c, 0x216c}, {0x217d, 0x216d}, {0x217e, 0x216e}, {0x217f, 0x216f}, {0x2184, 0x2183},
	{0x24d0, 0x24b6}, {0x24d1, 0x24b7}, {0x24d2, 0x24b8}, {0x24d3, 0x24b9}, {0x24d4, 0x24ba}, {0x24d5, 0x24bb},
	{0x24d6, 0x24bc}, {0x24d7, 0x24bd}, {0x24d8, 0x24be}, {0x24d9, 0x24bf}, {0x24da, 0x24c0}, {0x24db, 0x24c1},
	{0x24dc, 0x24c2}, {0x24dd, 0x24c3}, {0x24de, 0x24c4}, {0x24df, 0x24c5}, {0x24e0, 0x24c6}, {0x24e1, 0x24c7},
	{0x24e2, 0x24c8}, {0x24e3, 0x24c9}, {0x24e4, 0x24ca}, {0x24e5, 0x24cb}, {0x24e6, 0x24cc}, {0x24e7, 0x24cd},
	{0x24e8, 0x24ce}, {0x24e9, 0x24cf}, {0x2c30, 0x2c00}, {0x2c31, 0x2c01}, {0x2c32, 0x2c02}, {0x2c33, 0x2c03},
	{0x2c34, 0x2c04}, {0x2c35, 0x2c05}, {0x2c36, 0x2c06}, {0x2c37, 0x2c07}, {0x2c38, 0x2c08}, {0x2c39, 0x2c09},
	{0x2c3a, 0x2c0a}, {0x2c3b, 0x2c0b}, {0x2c3c, 0x2c0c}, {0x2c3d, 0x2c0d}, {0x2c3e, 0x2c0e}, {0x2c3f, 0x2c0f},
	{0x2c40, 0x2c10}, {0x2c41, 0x2c11}, {0x2c42, 0x2c12}, {0x2c43, 0x2c13}, {0x2c44, 0x2c14}, {0x2c45, 0x2c15},
	{0x2c46, 0x2c16}, {0x2c47, 0x2c17}, {0x2c48, 0x2c18}, {0x2c49, 0x2c19}, {0x2c4a, 0x2c1a}, {0x2c4b, 0x2c1b},
	{0x2c4c, 0x2c1c}, {0x2c4d, 0x2c1d}, {0x2c4e, 0x2c1e}, {0x2c4f, 0x2c1f}, {0x2c50, 0x2c20}, {0x2c51, 0x2c21},
	{0x2c52, 0x2c22}, {0x2c53, 0x2c23}, {0x2c54, 0x2c24}, {0x2c55, 0x2c25}, {0x2c56, 0x2c26}, {0x2c57, 0x2c27},
	{0x2c58, 0x2c28}, {0x2c59, 0x2c29}, {0x2c5a, 0x2c2a}, {0x2c5b, 0x2c2b}, {0x2c5c, 0x2c2c}, {0x2c5d, 0x2c2d},
	{0x2c5e, 0x2c2e}, {0x2c5f, 0x2c2f}, {0x2c61, 0x2c60}, {0x2c65, 0x23a}, {0x2c66, 0x23e}, {0x2c68, 0x2c67},
	{0x2c6a, 0x2c69}, {0x2c6c, 0x2c6b}, {0x2c73, 0x2c72}, {0x2c76, 0x2c75}, {0x2c81, 0x2c80}, {0x2c83, 0x2c82},
	{0x2c85, 0x2c84}, {0x2c87, 0x2c86}, {0x2c89, 0x2c88}, {0x2c8b, 0x2c8a}, {0x2c8d, 0x2c8c}, {0x2c8f, 0x2c8e},
	{0x2c91, 0x2c90}, {0x2c93, 0x2c92}, {0x2c95, 0x2c94}, {0x2c97, 0x2c96}, {0x2c99, 0x2c98}, {0x2c9b, 0x2c9a},
	{0x2c9d, 0x2c9c}, {0x2c9f, 0x2c9e}, {0x2ca1, 0x2ca0}, {0x2ca3, 0x2ca2}, {0x2ca5, 0x2ca4}, {0x2ca7, 0x2ca6},
	{0x2ca9, 0x2ca8}, {0x2cab, 0x2caa}, {0x2cad, 0x2cac}, {0x2caf, 0x2cae}, {0x2cb1, 0x2cb0}, {0x2cb3, 0x2cb2},
	{0x2cb5, 0x2cb4}, {0x2cb7, 0x2cb6}, {0x2cb9, 0x2cb8}, {0x2cbb, 0x2cba}, {0x2cbd, 0x2cbc}, {0x2cbf, 0x2cbe},
	{0x2cc1, 0x2cc0}, {0x2cc3, 0x2cc2}, {0x2cc5, 0x2cc4}, {0x2cc7, 0x2cc6}, {0x2cc9, 0x2cc8}, {0x2ccb, 0x2cca},
	{0x2ccd, 0x2ccc}, {0x2ccf, 0x2cce}, {0x2cd1, 0x2cd0}, {0x2cd3, 0x2cd2}, {0x2cd5, 0x2cd4}, {0x2cd7, 0x2cd6},
	{0x2cd9, 0x2cd8}, {0x2cdb, 0x2cda}, {0x2cdd, 0x2cdc}, {0x2cdf, 0x2cde}, {0x2ce1, 0x2ce0}, {0x2ce3, 0x2ce2},
	{0x2cec, 0x2ceb}, {0x2cee, 0x2ced}, {0x2cf3, 0x2cf2}, {0x2d00, 0x10a0}, {0x2d01, 0x10a1}, {0x2d02, 0x10a2},
	{0x2d03, 0x10a3}, {0x2d04, 0x10a4}, {0x2d05, 0x10a5}, {0x2d06, 0x10a6}, {0x2d07, 0x10a7}, {0x2d08, 0x10a8},
	{0x2d09, 0x10a9}, {0x2d0a, 0x10aa}, {0x2d0b, 0x10ab}, {0x2d0c, 0x10ac}, {0x2d0d, 0x10ad}, {0x2d0e, 0x10ae},
	{0x2d0f, 0x10af}, {0x2d10, 0x10b0}, {0x2d11, 0x10b1}, {0x2d12, 0x10b2}, {0x2d13, 0x10b3}, {0x2d14, 0x10b4},
	{0x2d15, 0x10b5}, {0x2d16, 0x10b6}, {0x2d17, 0x10b7}, {0x2d18, 0x10b8}, {0x2d19, 0x10b9}, {0x2d1a, 0x10ba},
	{0x2d1b, 0x10bb}, {0x2d1c, 0x10bc}, {0x2d1d, 0x10bd}, {0x2d1e, 0x10be}, {0x2d1f, 0x10bf}, {0x2d20, 0x10c0},
	{0x2d21, 0x10c1}, {0x2d22, 0x10c2}, {0x2d23, 0x10c3}, {0x2d24, 0x10c4}, {0x2d25, 0x10c5}, {0x2d27, 0x10c7},
	{0x2d2d, 0x10cd}, {0xa641, 0xa640}, {0xa643, 0xa642}, {0xa645, 0xa644}, {0xa647, 0xa646}, {0xa649, 0xa648},
	{0xa64b, 0xa64a}, {0xa64d, 0xa64c}, {0xa64f, 0xa64e}, {0xa651, 0xa650}, {0xa653, 0xa652}, {0xa655, 0xa654},
	{0xa657, 0xa656}, {0xa659, 0xa658}, {0xa65b, 0xa65a}, {0xa65d, 0xa65c}, {0xa65f, 0xa65e}, {0xa661, 0xa660},
	{0xa663, 0xa662}, {0xa665, 0xa664}, {0xa667, 0xa666}, {0xa669, 0xa668}, {0xa66b, 0xa66a}, {0xa66d, 0xa66c},
	{0xa681, 0xa680}, {0xa683, 0xa682}, {0xa685, 0xa684}, {0xa687, 0xa686}, {0xa689, 0xa688}, {0xa68b, 0xa68a},
	{0xa68d, 0xa68c}, {0xa68f, 0xa68e}, {0xa691, 0xa690}, {0xa693, 0xa692}, {0xa695, 0xa694}, {0xa697, 0xa696},
	{0xa699, 0xa698}, {0xa69b, 0xa69a}, {0xa723, 0xa722}, {0xa725, 0xa724}, {0xa727, 0xa726}, {0xa729, 0xa728},
	{0xa72b, 0xa72a}, {0xa72d, 0xa72c}, {0xa72f, 0xa72e}, {0xa733, 0xa732}, {0xa735, 0xa734}, {0xa737, 0xa736},
	{0xa739, 0xa738}, {0xa73b, 0xa73a}, {0xa73d, 0xa73c}, {0xa73f, 0xa73e}, {0xa741, 0xa740}, {0xa743, 0xa742},
	{0xa745, 0xa744}, {0xa747, 0xa746}, {0xa749, 0xa748}, {0xa74b, 0xa74a}, {0xa74d, 0xa74c}, {0xa74f, 0xa74e},
	{0xa751, 0xa750}, {0xa753, 0xa752}, {0xa755, 0xa754}, {0xa757, 0xa756}, {0xa759, 0xa758}, {0xa75b, 0xa75a},
	{0xa75d, 0xa75c}, {0xa75f, 0xa75e}, {0xa761, 0xa760}, {0xa763, 0xa762}, {0xa765, 0xa764}, {0xa767, 0xa766},
	{0xa769, 0xa768}, {0xa76b, 0xa76a}, {0xa76d, 0xa76c}, {0xa76f, 0xa76e}, {0xa77a, 0xa779}, {0xa77c, 0xa77b},
	{0xa77f, 0xa77e}, {0xa781, 0xa780}, {0xa783, 0xa782}, {0xa785, 0xa784}, {0xa787, 0xa786}, {0xa78c, 0xa78b},
	{0xa791, 0xa790}, {0xa793, 0xa792}, {0xa794, 0xa7c4}, {0xa797, 0xa796}, {0xa799, 0xa798}, {0xa79b, 0xa79a},
	{0xa79d, 0xa79c}, {0xa79f, 0xa79e}, {0xa7a1, 0xa7a0}, {0xa7a3, 0xa7a2}, {0xa7a5, 0xa7a4}, {0xa7a7, 0xa7a6},
	{0xa7a9, 0xa7a8}, {0xa7b5, 0xa7b4}, {0xa7b7, 0xa7b6}, {0xa7b9, 0xa7b8}, {0xa7bb, 0xa7ba}, {0xa7bd, 0xa7bc},
	{0xa7bf, 0xa7be}, {0xa7c1, 0xa7c0}, {0xa7c3, 0xa7c2}, {0xa7c8, 0xa7c7}, {0xa7ca, 0xa7c9}, {0xa7cd, 0xa7cc},
	{0xa7d1, 0xa7d0}, {0xa7d7, 0xa7d6}, {0xa7d9, 0xa7d8}, {0xa7db, 0xa7da}, {0xa7f6, 0xa7f5}, {0xab53, 0xa7b3},
	{0xab70, 0x13a0}, {0xab71, 0x13a1}, {0xab72, 0x13a2}, {0xab73, 0x13a3}, {0xab74, 0x13a4}, {0xab75, 0x13a5},
	{0xab76, 0x13a6}, {0xab77, 0x13a7}, {0xab78, 0x13a8}, {0xab79, 0x13a9}, {0xab7a, 0x13aa}, {0xab7b, 0x13ab},
	{0xab7c, 0x13ac}, {0xab7d, 0x13ad}, {0xab7e, 0x13ae}, {0xab7f, 0x13af}, {0xab80, 0x13b0}, {0xab81, 0x13b1},
	{0xab82, 0x13b2}, {0xab83, 0x13b3}, {0xab84, 0x13b4}, {0xab85, 0x13b5}, {0xab86, 0x13b6}, {0xab87, 0x13b7},
	{0xab88, 0x13b8}, {0xab89, 0x13b9}, {0xab8a, 0x13ba}, {0xab8b, 0x13bb}, {0xab8c, 0x13bc}, {0xab8d, 0x13bd},
	{0xab8e, 0x13be}, {0xab8f, 0x13bf}, {0xab90, 0x13c0}, {0xab91, 0x13c1}, {0xab92, 0x13c2}, {0xab93, 0x13c3},
	{0xab94, 0x13c4}, {0xab95, 0x13c5}, {0xab96, 0x13c6}, {0xab97, 0x13c7}, {0xab98, 0x13c8}, {0xab99, 0x13c9},
	{0xab9a, 0x13ca}, {0xab9b, 0x13cb}, {0xab9c, 0x13cc}, {0xab9d, 0x13cd}, {0xab9e, 0x13ce}, {0xab9f, 0x13cf},
	{0xaba0, 0x13d0}, {0xaba1, 0x13d1}, {0xaba2, 0x13d2}, {0xaba3, 0x13d3}, {0xaba4, 0x13d4}, {0xaba5, 0x13d5},
	{0xaba6, 0x13d6}, {0xaba7, 0x13d7}, {0xaba8, 0x13d8}, {0xaba9, 0x13d9}, {0xabaa, 0x13da}, {0xabab, 0x13db},
	{0xabac, 0x13dc}, {0xabad, 0x13dd}, {0xabae, 0x13de}, {0xabaf, 0x13df}, {0xabb0, 0x13e0}, {0xabb1, 0x13e1},
	{0xabb2, 0x13e2}, {0xabb3, 0x13e3}, {0xabb4, 0x13e4}, {0xabb5, 0x13e5}, {0xabb6, 0x13e6}, {0xabb7, 0x13e7},
	{0xabb8, 0x13e8}, {0xabb9, 0x13e9}, {0xabba, 0x13ea}, {0xabbb, 0x13eb}, {0xabbc, 0x13ec}, {0xabbd, 0x13ed},
	{0xabbe, 0x13ee}, {0xabbf, 0x13ef}, {0xfb00, 0x46}, {0xfb01, 0x46}, {0xfb02, 0x46}, {0xfb03, 0x46},
	{0xfb04, 0x46}, {0xfb05, 0x53}, {0xfb06, 0x53}, {0xfb13, 0x544}, {0xfb14, 0x544}, {0xfb15, 0x544},
	{0xfb16, 0x54e}, {0xfb17, 0x544}, {0xff41, 0xff21}, {0xff42, 0xff22}, {0xff43, 0xff23}, {0xff44, 0xff24},
	{0xff45, 0xff25}, {0xff46, 0xff26}, {0xff47, 0xff27}, {0xff48, 0xff28}, {0xff49, 0xff29}, {0xff4a, 0xff2a},
	{0xff4b, 0xff2b}, {0xff4c, 0xff2c}, {0xff4d, 0xff2d}, {0xff4e, 0xff2e}, {0xff4f, 0xff2f}, {0xff50, 0xff30},
	{0xff51, 0xff31}, {0xff52, 0xff32}, {0xff53, 0xff33}, {0xff54, 0xff34}, {0xff55, 0xff35}, {0xff56, 0xff36},
	{0xff57, 0xff37}, {0xff58, 0xff38}, {0xff59, 0xff39}, {0xff5a, 0xff3a}, {0x10428, 0x10400}, {0x10429, 0x10401},
	{0x1042a, 0x10402}, {0x1042b, 0x10403}, {0x1042c, 0x10404}, {0x1042d, 0x10405}, {0x1042e, 0x10406}, {0x1042f, 0x10407},
	{0x10430, 0x10408}, {0x10431, 0x10409}, {0x10432, 0x1040a}, {0x10433, 0x1040b}, {0x10434, 0x1040c}, {0x10435, 0x1040d},
	{0x10436, 0x1040e}, {0x10437, 0x1040f}, {0x10438, 0x10410}, {0x10439, 0x10411}, {0x1043a, 0x10412}, {0x1043b, 0x10413},
	{0x1043c, 0x10414}, {0x1043d, 0x10415}, {0x1043e, 0x10416}, {0x1043f, 0x10417}, {0x10440, 0x10418}, {0x10441, 0x10419},
	{0x10442, 0x1041a}, {0x10443, 0x1041b}, {0x10444, 0x1041c}, {0x10445, 0x1041d}, {0x10446, 0x1041e}, {0x10447, 0x1041f},
	{0x10448, 0x10420}, {0x10449, 0x10421}, {0x1044a, 0x10422}, {0x1044b, 0x10423}, {0x1044c, 0x10424}, {0x1044d, 0x10425},
	{0x1044e, 0x10426}, {0x1044f, 0x10427}, {0x104d8, 0x104b0}, {0x104d9, 0x104b1}, {0x104da, 0x104b2}, {0x104db, 0x104b3},
	{0x104dc, 0x104b4}, {0x104dd, 0x104b5}, {0x104de, 0x104b6}, {0x104df, 0x104b7}, {0x104e0, 0x104b8}, {0x104e1, 0x104b9},
	{0x104e2, 0x104ba}, {0x104e3, 0x104bb}, {0x104e4, 0x104bc}, {0x104e5, 0x104bd}, {0x104e6, 0x104be}, {0x104e7, 0x104bf},
	{0x104e8, 0x104c0}, {0x104e9, 0x104c1}, {0x104ea, 0x104c2}, {0x104eb, 0x104c3}, {0x104ec, 0x104c4}, {0x104ed, 0x104c5},
	{0x104ee, 0x104c6}, {0x104ef, 0x104c7}, {0x104f0, 0x104c8}, {0x104f1, 0x104c9}, {0x104f2, 0x104ca}, {0x104f3, 0x104cb},
	{0x104f4, 0x104cc}, {0x104f5, 0x104cd}, {0x104f6, 0x104ce}, {0x104f7, 0x104cf}, {0x104f8, 0x104d0}, {0x104f9, 0x104d1},
	{0x104fa, 0x104d2}, {0x104fb, 0x104d3}, {0x10597, 0x10570}, {0x10598, 0x10571}, {0x10599, 0x10572}, {0x1059a, 0x10573},
	{0x1059b, 0x10574}, {0x1059c, 0x10575}, {0x1059d, 0x10576}, {0x1059e, 0x10577}, {0x1059f, 0x10578}, {0x105a0, 0x10579},
	{0x105a1, 0x1057a}, {0x105a3, 0x1057c}, {0x105a4, 0x1057d}, {0x105a5, 0x1057e}, {0x105a6, 0x1057f}, {0x105a7, 0x10580},
	{0x105a8, 0x10581}, {0x105a9, 0x10582}, {0x105aa, 0x10583}, {0x105ab, 0x10584}, {0x105ac, 0x10585}, {0x105ad, 0x10586},
	{0x105ae, 0x10587}, {0x105af, 0x10588}, {0x105b0, 0x10589}, {0x105b1, 0x1058a}, {0x105b3, 0x1058c}, {0x105b4, 0x1058d},
	{0x105b5, 0x1058e}, {0x105b6, 0x1058f}, {0x105b7, 0x10590}, {0x105b8, 0x10591}, {0x105b9, 0x10592}, {0x105bb, 0x10594},
	{0x105bc, 0x10595}, {0x10cc0, 0x10c80}, {0x10cc1, 0x10c81}, {0x10cc2, 0x10c82}, {0x10cc3, 0x10c83}, {0x10cc4, 0x10c84},
	{0x10cc5, 0x10c85}, {0x10cc6, 0x10c86}, {0x10cc7, 0x10c87}, {0x10cc8, 0x10c88}, {0x10cc9, 0x10c89}, {0x10cca, 0x10c8a},
	{0x10ccb, 0x10c8b}, {0x10ccc, 0x10c8c}, {0x10ccd, 0x10c8d}, {0x10cce, 0x10c8e}, {0x10ccf, 0x10c8f}, {0x10cd0, 0x10c90},
	{0x10cd1, 0x10c91}, {0x10cd2, 0x10c92}, {0x10cd3, 0x10c93}, {0x10cd4, 0x10c94}, {0x10cd5, 0x10c95}, {0x10cd6, 0x10c96},
	{0x10cd7, 0x10c97}, {0x10cd8, 0x10c98}, {0x10cd9, 0x10c99}, {0x10cda, 0x10c9a}, {0x10cdb, 0x10c9b}, {0x10cdc, 0x10c9c},
	{0x10cdd, 0x10c9d}, {0x10cde, 0x10c9e}, {0x10cdf, 0x10c9f}, {0x10ce0, 0x10ca0}, {0x10ce1, 0x10ca1}, {0x10ce2, 0x10ca2},
	{0x10ce3, 0x10ca3}, {0x10ce4, 0x10ca4}, {0x10ce5, 0x10ca5}, {0x10ce6, 0x10ca6}, {0x10ce7, 0x10ca7}, {0x10ce8, 0x10ca8},
	{0x10ce9, 0x10ca9}, {0x10cea, 0x10caa}, {0x10ceb, 0x10cab}, {0x10cec, 0x10cac}, {0x10ced, 0x10cad}, {0x10cee, 0x10cae},
	{0x10cef, 0x10caf}, {0x10cf0, 0x10cb0}, {0x10cf1, 0x10cb1}, {0x10cf2, 0x10cb2}, {0x10d70, 0x10d50}, {0x10d71, 0x10d51},
	{0x10d72, 0x10d52}, {0x10d73, 0x10d53}, {0x10d74, 0x10d54}, {0x10d75, 0x10d55}, {0x10d76, 0x10d56}, {0x10d77, 0x10d57},
	{0x10d78, 0x10d58}, {0x10d79, 0x10d59}, {0x10d7a, 0x10d5a}, {0x10d7b, 0x10d5b}, {0x10d7c, 0x10d5c}, {0x10d7d, 0x10d5d},
	{0x10d7e, 0x10d5e}, {0x10d7f, 0x10d5f}, {0x10d80, 0x10d60}, {0x10d81, 0x10d61}, {0x10d82, 0x10d62}, {0x10d83, 0x10d63},
	{0x10d84, 0x10d64}, {0x10d85, 0x10d65}, {0x118c0, 0x118a0}, {0x118c1, 0x118a1}, {0x118c2, 0x118a2}, {0x118c3, 0x118a3},
	{0x118c4, 0x118a4}, {0x118c5, 0x118a5}, {0x118c6, 0x118a6}, {0x118c7, 0x118a7}, {0x118c8, 0x118a8}, {0x118c9, 0x118a9},
	{0x118ca, 0x118aa}, {0x118cb, 0x118ab}, {0x118cc, 0x118ac}, {0x118cd, 0x118ad}, {0x118ce, 0x118ae}, {0x118cf, 0x118af},
	{0x118d0, 0x118b0}, {0x118d1, 0x118b1}, {0x118d2, 0x118b2}, {0x118d3, 0x118b3}, {0x118d4, 0x118b4}, {0x118d5, 0x118b5},
	{0x118d6, 0x118b6}, {0x118d7, 0x118b7}, {0x118d8, 0x118b8}, {0x118d9, 0x118b9}, {0x118da, 0x118ba}, {0x118db, 0x118bb},
	{0x118dc, 0x118bc}, {0x118dd, 0x118bd}, {0x118de, 0x118be}, {0x118df, 0x118bf}, {0x16e60, 0x16e40}, {0x16e61, 0x16e41},
	{0x16e62, 0x16e42}, {0x16e63, 0x16e43}, {0x16e64, 0x16e44}, {0x16e65, 0x16e45}, {0x16e66, 0x16e46}, {0x16e67, 0x16e47},
	{0x16e68, 0x16e48}, {0x16e69, 0x16e49}, {0x16e6a, 0x16e4a}, {0x16e6b, 0x16e4b}, {0x16e6c, 0x16e4c}, {0x16e6d, 0x16e4d},
	{0x16e6e, 0x16e4e}, {0x16e6f, 0x16e4f}, {0x16e70, 0x16e50}, {0x16e71, 0x16e51}, {0x16e72, 0x16e52}, {0x16e73, 0x16e53},
	{0x16e74, 0x16e54}, {0x16e75, 0x16e55}, {0x16e76, 0x16e56}, {0x16e77, 0x16e57}, {0x16e78, 0x16e58}, {0x16e79, 0x16e59},
	{0x16e7a, 0x16e5a}, {0x16e7b, 0x16e5b}, {0x16e7c, 0x16e5c}, {0x16e7d, 0x16e5d}, {0x16e7e, 0x16e5e}, {0x16e7f, 0x16e5f},
	{0x1e922, 0x1e900}, {0x1e923, 0x1e901}, {0x1e924, 0x1e902}, {0x1e925, 0x1e903}, {0x1e926, 0x1e904}, {0x1e927, 0x1e905},
	{0x1e928, 0x1e906}, {0x1e929, 0x1e907}, {0x1e92a, 0x1e908}, {0x1e92b, 0x1e909}, {0x1e92c, 0x1e90a}, {0x1e92d, 0x1e90b},
	{0x1e92e, 0x1e90c}, {0x1e92f, 0x1e90d}, {0x1e930, 0x1e90e}, {0x1e931, 0x1e90f}, {0x1e932, 0x1e910}, {0x1e933, 0x1e911},
	{0x1e934, 0x1e912}, {0x1e935, 0x1e913}, {0x1e936, 0x1e914}, {0x1e937, 0x1e915}, {0x1e938, 0x1e916}, {0x1e939, 0x1e917},
	{0x1e93a, 0x1e918}, {0x1e93b, 0x1e919}, {0x1e93c, 0x1e91a}, {0x1e93d, 0x1e91b}, {0x1e93e, 0x1e91c}, {0x1e93f, 0x1e91d},
	{0x1e940, 0x1e91e}, {0x1e941, 0x1e91f}, {0x1e942, 0x1e920}, {0x1e943, 0x1e921},
}

// extraCases is re._casefix._EXTRA_CASES.
var extraCases = map[rune][]rune{
	0x69:   {0x131},
	0x73:   {0x17f},
	0xb5:   {0x3bc},
	0x131:  {0x69},
	0x17f:  {0x73},
	0x345:  {0x3b9, 0x1fbe},
	0x390:  {0x1fd3},
	0x3b0:  {0x1fe3},
	0x3b2:  {0x3d0},
	0x3b5:  {0x3f5},
	0x3b8:  {0x3d1},
	0x3b9:  {0x345, 0x1fbe},
	0x3ba:  {0x3f0},
	0x3bc:  {0xb5},
	0x3c0:  {0x3d6},
	0x3c1:  {0x3f1},
	0x3c2:  {0x3c3},
	0x3c3:  {0x3c2},
	0x3c6:  {0x3d5},
	0x3d0:  {0x3b2},
	0x3d1:  {0x3b8},
	0x3d5:  {0x3c6},
	0x3d6:  {0x3c0},
	0x3f0:  {0x3ba},
	0x3f1:  {0x3c1},
	0x3f5:  {0x3b5},
	0x432:  {0x1c80},
	0x434:  {0x1c81},
	0x43e:  {0x1c82},
	0x441:  {0x1c83},
	0x442:  {0x1c84, 0x1c85},
	0x44a:  {0x1c86},
	0x463:  {0x1c87},
	0x1c80: {0x432},
	0x1c81: {0x434},
	0x1c82: {0x43e},
	0x1c83: {0x441},
	0x1c84: {0x442, 0x1c85},
	0x1c85: {0x442, 0x1c84},
	0x1c86: {0x44a},
	0x1c87: {0x463},
	0x1c88: {0xa64b},
	0x1e61: {0x1e9b},
	0x1e9b: {0x1e61},
	0x1fbe: {0x345, 0x3b9},
	0x1fd3: {0x390},
	0x1fe3: {0x3b0},
	0xa64b: {0x1c88},
	0xfb05: {0xfb06},
	0xfb06: {0xfb05},
}

// charNames is a subset of the unicodedata names \N{...} looks up.
var charNames = map[string]rune{
	"SPACE":                      0x20,
	"EXCLAMATION MARK":           0x21,
	"QUOTATION MARK":             0x22,
	"NUMBER SIGN":                0x23,
	"DOLLAR SIGN":                0x24,
	"PERCENT SIGN":               0x25,
	"AMPERSAND":                  0x26,
	"APOSTROPHE":                 0x27,
	"LEFT PARENTHESIS":           0x28,
	"RIGHT PARENTHESIS":          0x29,
	"ASTERISK":                   0x2a,
	"PLUS SIGN":                  0x2b,
	"COMMA":                      0x2c,
	"HYPHEN-MINUS":               0x2d,
	"FULL STOP":                  0x2e,
	"SOLIDUS":                    0x2f,
	"DIGIT ZERO":                 0x30,
	"DIGIT ONE":                  0x31,
	"DIGIT TWO":                  0x32,
	"DIGIT THREE":                0x33,
	"DIGIT FOUR":                 0x34,
	"DIGIT FIVE":                 0x35,
	"DIGIT SIX":                  0x36,
	"DIGIT SEVEN":                0x37,
	"DIGIT EIGHT":                0x38,
	"DIGIT NINE":                 0x39,
	"COLON":                      0x3a,
	"SEMICOLON":                  0x3b,
	"LESS-THAN SIGN":             0x3c,
	"EQUALS SIGN":                0x3d,
	"GREATER-THAN SIGN":          0x3e,
	"QUESTION MARK":              0x3f,
	"COMMERCIAL AT":              0x40,
	"LATIN CAPITAL LETTER A":     0x41,
	"LATIN CAPITAL LETTER B":     0x42,
	"LATIN CAPITAL LETTER C":     0x43,
	"LATIN CAPITAL LETTER D":     0x44,
	"LATIN CAPITAL LETTER E":     0x45,
	"LATIN CAPITAL LETTER F":     0x46,
	"LATIN CAPITAL LETTER G":     0x47,
	"LATIN CAPITAL LETTER H":     0x48,
	"LATIN CAPITAL LETTER I":     0x49,
	"LATIN CAPITAL LETTER J":     0x4a,
	"LATIN CAPITAL LETTER K":     0x4b,
	"LATIN CAPITAL LETTER L":     0x4c,
	"LATIN CAPITAL LETTER M":     0x4d,
	"LATIN CAPITAL LETTER N":     0x4e,
	"LATIN CAPITAL LETTER O":     0x4f,
	"LATIN CAPITAL LETTER P":     0x50,
	"LATIN CAPITAL LETTER Q":     0x51,
	"LATIN CAPITAL LETTER R":     0x52,
	"LATIN CAPITAL LETTER S":     0x53,
	"LATIN CAPITAL LETTER T":     0x54,
	"LATIN CAPITAL LETTER U":     0x55,
	"LATIN CAPITAL LETTER V":     0x56,
	"LATIN CAPITAL LETTER W":     0x57,
	"LATIN CAPITAL LETTER X":     0x58,
	"LATIN CAPITAL LETTER Y":     0x59,
	"LATIN CAPITAL LETTER Z":     0x5a,
	"LEFT SQUARE BRACKET":        0x5b,
	"REVERSE SOLIDUS":            0x5c,
	"RIGHT SQUARE BRACKET":       0x5d,
	"CIRCUMFLEX ACCENT":          0x5e,
	"LOW LINE":                   0x5f,
	"GRAVE ACCENT":               0x60,
	"LATIN SMALL LETTER A":       0x61,
	"LATIN SMALL LETTER B":       0x62,
	"LATIN SMALL LETTER C":       0x63,
	"LATIN SMALL LETTER D":       0x64,
	"LATIN SMALL LETTER E":       0x65,
	"LATIN SMALL LETTER F":       0x66,
	"LATIN SMALL LETTER G":       0x67,
	"LATIN SMALL LETTER H":       0x68,
	"LATIN SMALL LETTER I":       0x69,
	"LATIN SMALL LETTER J":       0x6a,
	"LATIN SMALL LETTER K":       0x6b,
	"LATIN SMALL LETTER L":       0x6c,
	"LATIN SMALL LETTER M":       0x6d,
	"LATIN SMALL LETTER N":       0x6e,
	"LATIN SMALL LETTER O":       0x6f,
	"LATIN SMALL LETTER P":       0x70,
	"LATIN SMALL LETTER Q":       0x71,
	"LATIN SMALL LETTER R":       0x72,
	"LATIN SMALL LETTER S":       0x73,
	"LATIN SMALL LETTER T":       0x74,
	"LATIN SMALL LETTER U":       0x75,
	"LATIN SMALL LETTER V":       0x76,
	"LATIN SMALL LETTER W":       0x77,
	"LATIN SMALL LETTER X":       0x78,
	"LATIN SMALL LETTER Y":       0x79,
	"LATIN SMALL LETTER Z":       0x7a,
	"LEFT CURLY BRACKET":         0x7b,
	"VERTICAL LINE":              0x7c,
	"RIGHT CURLY BRACKET":        0x7d,
	"TILDE":                      0x7e,
	"NO-BREAK SPACE":             0xa0,
	"INVERTED EXCLAMATION MARK":  0xa1,
	"CENT SIGN":                  0xa2,
	"POUND SIGN":                 0xa3,
	"CURRENCY SIGN":              0xa4,
	"YEN SIGN":                   0xa5,
	"BROKEN BAR":                 0xa6,
	"SECTION SIGN":               0xa7,
	"DIAERESIS":                  0xa8,
	"COPYRIGHT SIGN":             0xa9,
	"FEMININE ORDINAL INDICATOR": 0xaa,
	"LEFT-POINTING DOUBLE ANGLE QUOTATION MARK": 0xab,
	"NOT SIGN":                    0xac,
	"SOFT HYPHEN":                 0xad,
	"REGISTERED SIGN":             0xae,
	"MACRON":                      0xaf,
	"DEGREE SIGN":                 0xb0,
	"PLUS-MINUS SIGN":             0xb1,
	"SUPERSCRIPT TWO":             0xb2,
	"SUPERSCRIPT THREE":           0xb3,
	"ACUTE ACCENT":                0xb4,
	"MICRO SIGN":                  0xb5,
	"PILCROW SIGN":                0xb6,
	"MIDDLE DOT":                  0xb7,
	"CEDILLA":                     0xb8,
	"SUPERSCRIPT ONE":             0xb9,
	"MASCULINE ORDINAL INDICATOR": 0xba,
	"RIGHT-POINTING DOUBLE ANGLE QUOTATION MARK":            0xbb,
	"VULGAR FRACTION ONE QUARTER":                           0xbc,
	"VULGAR FRACTION ONE HALF":                              0xbd,
	"VULGAR FRACTION THREE QUARTERS":                        0xbe,
	"INVERTED QUESTION MARK":                                0xbf,
	"LATIN CAPITAL LETTER A WITH GRAVE":                     0xc0,
	"LATIN CAPITAL LETTER A WITH ACUTE":                     0xc1,
	"LATIN CAPITAL LETTER A WITH CIRCUMFLEX":                0xc2,
	"LATIN CAPITAL LETTER A WITH TILDE":                     0xc3,
	"LATIN CAPITAL LETTER A WITH DIAERESIS":                 0xc4,
	"LATIN CAPITAL LETTER A WITH RING ABOVE":                0xc5,
	"LATIN CAPITAL LETTER AE":                               0xc6,
	"LATIN CAPITAL LETTER C WITH CEDILLA":                   0xc7,
	"LATIN CAPITAL LETTER E WITH GRAVE":                     0xc8,
	"LATIN CAPITAL LETTER E WITH ACUTE":                     0xc9,
	"LATIN CAPITAL LETTER E WITH CIRCUMFLEX":                0xca,
	"LATIN CAPITAL LETTER E WITH DIAERESIS":                 0xcb,
	"LATIN CAPITAL LETTER I WITH GRAVE":                     0xcc,
	"LATIN CAPITAL LETTER I WITH ACUTE":                     0xcd,
	"LATIN CAPITAL LETTER I WITH CIRCUMFLEX":                0xce,
	"LATIN CAPITAL LETTER I WITH DIAERESIS":                 0xcf,
	"LATIN CAPITAL LETTER ETH":                              0xd0,
	"LATIN CAPITAL LETTER N WITH TILDE":                     0xd1,
	"LATIN CAPITAL LETTER O WITH GRAVE":                     0xd2,
	"LATIN CAPITAL LETTER O WITH ACUTE":                     0xd3,
	"LATIN CAPITAL LETTER O WITH CIRCUMFLEX":                0xd4,
	"LATIN CAPITAL LETTER O WITH TILDE":                     0xd5,
	"LATIN CAPITAL LETTER O WITH DIAERESIS":                 0xd6,
	"MULTIPLICATION SIGN":                                   0xd7,
	"LATIN CAPITAL LETTER O WITH STROKE":                    0xd8,
	"LATIN CAPITAL LETTER U WITH GRAVE":                     0xd9,
	"LATIN CAPITAL LETTER U WITH ACUTE":                     0xda,
	"LATIN CAPITAL LETTER U WITH CIRCUMFLEX":                0xdb,
	"LATIN CAPITAL LETTER U WITH DIAERESIS":                 0xdc,
	"LATIN CAPITAL LETTER Y WITH ACUTE":                     0xdd,
	"LATIN CAPITAL LETTER THORN":                            0xde,
	"LATIN SMALL LETTER SHARP S":                            0xdf,
	"LATIN SMALL LETTER A WITH GRAVE":                       0xe0,
	"LATIN SMALL LETTER A WITH ACUTE":                       0xe1,
	"LATIN SMALL LETTER A WITH CIRCUMFLEX":                  0xe2,
	"LATIN SMALL LETTER A WITH TILDE":                       0xe3,
	"LATIN SMALL LETTER A WITH DIAERESIS":                   0xe4,
	"LATIN SMALL LETTER A WITH RING ABOVE":                  0xe5,
	"LATIN SMALL LETTER AE":                                 0xe6,
	"LATIN SMALL LETTER C WITH CEDILLA":                     0xe7,
	"LATIN SMALL LETTER E WITH GRAVE":                       0xe8,
	"LATIN SMALL LETTER E WITH ACUTE":                       0xe9,
	"LATIN SMALL LETTER E WITH CIRCUMFLEX":                  0xea,
	"LATIN SMALL LETTER E WITH DIAERESIS":                   0xeb,
	"LATIN SMALL LETTER I WITH GRAVE":                       0xec,
	"LATIN SMALL LETTER I WITH ACUTE":                       0xed,
	"LATIN SMALL LETTER I WITH CIRCUMFLEX":                  0xee,
	"LATIN SMALL LETTER I WITH DIAERESIS":                   0xef,
	"LATIN SMALL LETTER ETH":                                0xf0,
	"LATIN SMALL LETTER N WITH TILDE":                       0xf1,
	"LATIN SMALL LETTER O WITH GRAVE":                       0xf2,
	"LATIN SMALL LETTER O WITH ACUTE":                       0xf3,
	"LATIN SMALL LETTER O WITH CIRCUMFLEX":                  0xf4,
	"LATIN SMALL LETTER O WITH TILDE":                       0xf5,
	"LATIN SMALL LETTER O WITH DIAERESIS":                   0xf6,
	"DIVISION SIGN":                                         0xf7,
	"LATIN SMALL LETTER O WITH STROKE":                      0xf8,
	"LATIN SMALL LETTER U WITH GRAVE":                       0xf9,
	"LATIN SMALL LETTER U WITH ACUTE":                       0xfa,
	"LATIN SMALL LETTER U WITH CIRCUMFLEX":                  0xfb,
	"LATIN SMALL LETTER U WITH DIAERESIS":                   0xfc,
	"LATIN SMALL LETTER Y WITH ACUTE":                       0xfd,
	"LATIN SMALL LETTER THORN":                              0xfe,
	"LATIN SMALL LETTER Y WITH DIAERESIS":                   0xff,
	"LATIN CAPITAL LETTER A WITH MACRON":                    0x100,
	"LATIN SMALL LETTER A WITH MACRON":                      0x101,
	"LATIN CAPITAL LETTER A WITH BREVE":                     0x102,
	"LATIN SMALL LETTER A WITH BREVE":                       0x103,
	"LATIN CAPITAL LETTER A WITH OGONEK":                    0x104,
	"LATIN SMALL LETTER A WITH OGONEK":                      0x105,
	"LATIN CAPITAL LETTER C WITH ACUTE":                     0x106,
	"LATIN SMALL LETTER C WITH ACUTE":                       0x107,
	"LATIN CAPITAL LETTER C WITH CIRCUMFLEX":                0x108,
	"LATIN SMALL LETTER C WITH CIRCUMFLEX":                  0x109,
	"LATIN CAPITAL LETTER C WITH DOT ABOVE":                 0x10a,
	"LATIN SMALL LETTER C WITH DOT ABOVE":                   0x10b,
	"LATIN CAPITAL LETTER C WITH CARON":                     0x10c,
	"LATIN SMALL LETTER C WITH CARON":                       0x10d,
	"LATIN CAPITAL LETTER D WITH CARON":                     0x10e,
	"LATIN SMALL LETTER D WITH CARON":                       0x10f,
	"LATIN CAPITAL LETTER D WITH STROKE":                    0x110,
	"LATIN SMALL LETTER D WITH STROKE":                      0x111,
	"LATIN CAPITAL LETTER E WITH MACRON":                    0x112,
	"LATIN SMALL LETTER E WITH MACRON":                      0x113,
	"LATIN CAPITAL LETTER E WITH BREVE":                     0x114,
	"LATIN SMALL LETTER E WITH BREVE":                       0x115,
	"LATIN CAPITAL LETTER E WITH DOT ABOVE":                 0x116,
	"LATIN SMALL LETTER E WITH DOT ABOVE":                   0x117,
	"LATIN CAPITAL LETTER E WITH OGONEK":                    0x118,
	"LATIN SMALL LETTER E WITH OGONEK":                      0x119,
	"LATIN CAPITAL LETTER E WITH CARON":                     0x11a,
	"LATIN SMALL LETTER E WITH CARON":                       0x11b,
	"LATIN CAPITAL LETTER G WITH CIRCUMFLEX":                0x11c,
	"LATIN SMALL LETTER G WITH CIRCUMFLEX":                  0x11d,
	"LATIN CAPITAL LETTER G WITH BREVE":                     0x11e,
	"LATIN SMALL LETTER G WITH BREVE":                       0x11f,
	"LATIN CAPITAL LETTER G WITH DOT ABOVE":                 0x120,
	"LATIN SMALL LETTER G WITH DOT ABOVE":                   0x121,
	"LATIN CAPITAL LETTER G WITH CEDILLA":                   0x122,
	"LATIN SMALL LETTER G WITH CEDILLA":                     0x123,
	"LATIN CAPITAL LETTER H WITH CIRCUMFLEX":                0x124,
	"LATIN SMALL LETTER H WITH CIRCUMFLEX":                  0x125,
	"LATIN CAPITAL LETTER H WITH STROKE":                    0x126,
	"LATIN SMALL LETTER H WITH STROKE":                      0x127,
	"LATIN CAPITAL LETTER I WITH TILDE":                     0x128,
	"LATIN SMALL LETTER I WITH TILDE":                       0x129,
	"LATIN CAPITAL LETTER I WITH MACRON":                    0x12a,
	"LATIN SMALL LETTER I WITH MACRON":                      0x12b,
	"LATIN CAPITAL LETTER I WITH BREVE":                     0x12c,
	"LATIN SMALL LETTER I WITH BREVE":                       0x12d,
	"LATIN CAPITAL LETTER I WITH OGONEK":                    0x12e,
	"LATIN SMALL LETTER I WITH OGONEK":                      0x12f,
	"LATIN CAPITAL LETTER I WITH DOT ABOVE":                 0x130,
	"LATIN SMALL LETTER DOTLESS I":                          0x131,
	"LATIN CAPITAL LIGATURE IJ":                             0x132,
	"LATIN SMALL LIGATURE IJ":                               0x133,
	"LATIN CAPITAL LETTER J WITH CIRCUMFLEX":                0x134,
	"LATIN SMALL LETTER J WITH CIRCUMFLEX":                  0x135,
	"LATIN CAPITAL LETTER K WITH CEDILLA":                   0x136,
	"LATIN SMALL LETTER K WITH CEDILLA":                     0x137,
	"LATIN SMALL LETTER KRA":                                0x138,
	"LATIN CAPITAL LETTER L WITH ACUTE":                     0x139,
	"LATIN SMALL LETTER L WITH ACUTE":                       0x13a,
	"LATIN CAPITAL LETTER L WITH CEDILLA":                   0x13b,
	"LATIN SMALL LETTER L WITH CEDILLA":                     0x13c,
	"LATIN CAPITAL LETTER L WITH CARON":                     0x13d,
	"LATIN SMALL LETTER L WITH CARON":                       0x13e,
	"LATIN CAPITAL LETTER L WITH MIDDLE DOT":                0x13f,
	"LATIN SMALL LETTER L WITH MIDDLE DOT":                  0x140,
	"LATIN CAPITAL LETTER L WITH STROKE":                    0x141,
	"LATIN SMALL LETTER L WITH STROKE":                      0x142,
	"LATIN CAPITAL LETTER N WITH ACUTE":                     0x143,
	"LATIN SMALL LETTER N WITH ACUTE":                       0x144,
	"LATIN CAPITAL LETTER N WITH CEDILLA":                   0x145,
	"LATIN SMALL LETTER N WITH CEDILLA":                     0x146,
	"LATIN CAPITAL LETTER N WITH CARON":                     0x147,
	"LATIN SMALL LETTER N WITH CARON":                       0x148,
	"LATIN SMALL LETTER N PRECEDED BY APOSTROPHE":           0x149,
	"LATIN CAPITAL LETTER ENG":                              0x14a,
	"LATIN SMALL LETTER ENG":                                0x14b,
	"LATIN CAPITAL LETTER O WITH MACRON":                    0x14c,
	"LATIN SMALL LETTER O WITH MACRON":                      0x14d,
	"LATIN CAPITAL LETTER O WITH BREVE":                     0x14e,
	"LATIN SMALL LETTER O WITH BREVE":                       0x14f,
	"LATIN CAPITAL LETTER O WITH DOUBLE ACUTE":              0x150,
	"LATIN SMALL LETTER O WITH DOUBLE ACUTE":                0x151,
	"LATIN CAPITAL LIGATURE OE":                             0x152,
	"LATIN SMALL LIGATURE OE":                               0x153,
	"LATIN CAPITAL LETTER R WITH ACUTE":                     0x154,
	"LATIN SMALL LETTER R WITH ACUTE":                       0x155,
	"LATIN CAPITAL LETTER R WITH CEDILLA":                   0x156,
	"LATIN SMALL LETTER R WITH CEDILLA":                     0x157,
	"LATIN CAPITAL LETTER R WITH CARON":                     0x158,
	"LATIN SMALL LETTER R WITH CARON":                       0x159,
	"LATIN CAPITAL LETTER S WITH ACUTE":                     0x15a,
	"LATIN SMALL LETTER S WITH ACUTE":                       0x15b,
	"LATIN CAPITAL LETTER S WITH CIRCUMFLEX":                0x15c,
	"LATIN SMALL LETTER S WITH CIRCUMFLEX":                  0x15d,
	"LATIN CAPITAL LETTER S WITH CEDILLA":                   0x15e,
	"LATIN SMALL LETTER S WITH CEDILLA":                     0x15f,
	"LATIN CAPITAL LETTER S WITH CARON":                     0x160,
	"LATIN SMALL LETTER S WITH CARON":                       0x161,
	"LATIN CAPITAL LETTER T WITH CEDILLA":                   0x162,
	"LATIN SMALL LETTER T WITH CEDILLA":                     0x163,
	"LATIN CAPITAL LETTER T WITH CARON":                     0x164,
	"LATIN SMALL LETTER T WITH CARON":                       0x165,
	"LATIN CAPITAL LETTER T WITH STROKE":                    0x166,
	"LATIN SMALL LETTER T WITH STROKE":                      0x167,
	"LATIN CAPITAL LETTER U WITH TILDE":                     0x168,
	"LATIN SMALL LETTER U WITH TILDE":                       0x169,
	"LATIN CAPITAL LETTER U WITH MACRON":                    0x16a,
	"LATIN SMALL LETTER U WITH MACRON":                      0x16b,
	"LATIN CAPITAL LETTER U WITH BREVE":                     0x16c,
	"LATIN SMALL LETTER U WITH BREVE":                       0x16d,
	"LATIN CAPITAL LETTER U WITH RING ABOVE":                0x16e,
	"LATIN SMALL LETTER U WITH RING ABOVE":                  0x16f,
	"LATIN CAPITAL LETTER U WITH DOUBLE ACUTE":              0x170,
	"LATIN SMALL LETTER U WITH DOUBLE ACUTE":                0x171,
	"LATIN CAPITAL LETTER U WITH OGONEK":                    0x172,
	"LATIN SMALL LETTER U WITH OGONEK":                      0x173,
	"LATIN CAPITAL LETTER W WITH CIRCUMFLEX":                0x174,
	"LATIN SMALL LETTER W WITH CIRCUMFLEX":                  0x175,
	"LATIN CAPITAL LETTER Y WITH CIRCUMFLEX":                0x176,
	"LATIN SMALL LETTER Y WITH CIRCUMFLEX":                  0x177,
	"LATIN CAPITAL LETTER Y WITH DIAERESIS":                 0x178,
	"LATIN CAPITAL LETTER Z WITH ACUTE":                     0x179,
	"LATIN SMALL LETTER Z WITH ACUTE":                       0x17a,
	"LATIN CAPITAL LETTER Z WITH DOT ABOVE":                 0x17b,
	"LATIN SMALL LETTER Z WITH DOT ABOVE":                   0x17c,
	"LATIN CAPITAL LETTER Z WITH CARON":                     0x17d,
	"LATIN SMALL LETTER Z WITH CARON":                       0x17e,
	"LATIN SMALL LETTER LONG S":                             0x17f,
	"LATIN SMALL LETTER B WITH STROKE":                      0x180,
	"LATIN CAPITAL LETTER B WITH HOOK":                      0x181,
	"LATIN CAPITAL LETTER B WITH TOPBAR":                    0x182,
	"LATIN SMALL LETTER B WITH TOPBAR":                      0x183,
	"LATIN CAPITAL LETTER TONE SIX":                         0x184,
	"LATIN SMALL LETTER TONE SIX":                           0x185,
	"LATIN CAPITAL LETTER OPEN O":                           0x186,
	"LATIN CAPITAL LETTER C WITH HOOK":                      0x187,
	"LATIN SMALL LETTER C WITH HOOK":                        0x188,
	"LATIN CAPITAL LETTER AFRICAN D":                        0x189,
	"LATIN CAPITAL LETTER D WITH HOOK":                      0x18a,
	"LATIN CAPITAL LETTER D WITH TOPBAR":                    0x18b,
	"LATIN SMALL LETTER D WITH TOPBAR":                      0x18c,
	"LATIN SMALL LETTER TURNED DELTA":                       0x18d,
	"LATIN CAPITAL LETTER REVERSED E":                       0x18e,
	"LATIN CAPITAL LETTER SCHWA":                            0x18f,
	"LATIN CAPITAL LETTER OPEN E":                           0x190,
	"LATIN CAPITAL LETTER F WITH HOOK":                      0x191,
	"LATIN SMALL LETTER F WITH HOOK":                        0x192,
	"LATIN CAPITAL LETTER G WITH HOOK":                      0x193,
	"LATIN CAPITAL LETTER GAMMA":                            0x194,
	"LATIN SMALL LETTER HV":                                 0x195,
	"LATIN CAPITAL LETTER IOTA":                             0x196,
	"LATIN CAPITAL LETTER I WITH STROKE":                    0x197,
	"LATIN CAPITAL LETTER K WITH HOOK":                      0x198,
	"LATIN SMALL LETTER K WITH HOOK":                        0x199,
	"LATIN SMALL LETTER L WITH BAR":                         0x19a,
	"LATIN SMALL LETTER LAMBDA WITH STROKE":                 0x19b,
	"LATIN CAPITAL LETTER TURNED M":                         0x19c,
	"LATIN CAPITAL LETTER N WITH LEFT HOOK":                 0x19d,
	"LATIN SMALL LETTER N WITH LONG RIGHT LEG":              0x19e,
	"LATIN CAPITAL LETTER O WITH MIDDLE TILDE":              0x19f,
	"LATIN CAPITAL LETTER O WITH HORN":                      0x1a0,
	"LATIN SMALL LETTER O WITH HORN":                        0x1a1,
	"LATIN CAPITAL LETTER OI":                               0x1a2,
	"LATIN SMALL LETTER OI":                                 0x1a3,
	"LATIN CAPITAL LETTER P WITH HOOK":                      0x1a4,
	"LATIN SMALL LETTER P WITH HOOK":                        0x1a5,
	"LATIN LETTER YR":                                       0x1a6,
	"LATIN CAPITAL LETTER TONE TWO":                         0x1a7,
	"LATIN SMALL LETTER TONE TWO":                           0x1a8,
	"LATIN CAPITAL LETTER ESH":                              0x1a9,
	"LATIN LETTER REVERSED ESH LOOP":                        0x1aa,
	"LATIN SMALL LETTER T WITH PALATAL HOOK":                0x1ab,
	"LATIN CAPITAL LETTER T WITH HOOK":                      0x1ac,
	"LATIN SMALL LETTER T WITH HOOK":                        0x1ad,
	"LATIN CAPITAL LETTER T WITH RETROFLEX HOOK":            0x1ae,
	"LATIN CAPITAL LETTER U WITH HORN":                      0x1af,
	"LATIN SMALL LETTER U WITH HORN":                        0x1b0,
	"LATIN CAPITAL LETTER UPSILON":                          0x1b1,
	"LATIN CAPITAL LETTER V WITH HOOK":                      0x1b2,
	"LATIN CAPITAL LETTER Y WITH HOOK":                      0x1b3,
	"LATIN SMALL LETTER Y WITH HOOK":                        0x1b4,
	"LATIN CAPITAL LETTER Z WITH STROKE":                    0x1b5,
	"LATIN SMALL LETTER Z WITH STROKE":                      0x1b6,
	"LATIN CAPITAL LETTER EZH":                              0x1b7,
	"LATIN CAPITAL LETTER EZH REVERSED":                     0x1b8,
	"LATIN SMALL LETTER EZH REVERSED":                       0x1b9,
	"LATIN SMALL LETTER EZH WITH TAIL":                      0x1ba,
	"LATIN LETTER TWO WITH STROKE":                          0x1bb,
	"LATIN CAPITAL LETTER TONE FIVE":                        0x1bc,
	"LATIN SMALL LETTER TONE FIVE":                          0x1bd,
	"LATIN LETTER INVERTED GLOTTAL STOP WITH STROKE":        0x1be,
	"LATIN LETTER WYNN":                                     0x1bf,
	"LATIN LETTER DENTAL CLICK":                             0x1c0,
	"LATIN LETTER LATERAL CLICK":                            0x1c1,
	"LATIN LETTER ALVEOLAR CLICK":                           0x1c2,
	"LATIN LETTER RETROFLEX CLICK":                          0x1c3,
	"LATIN CAPITAL LETTER DZ WITH CARON":                    0x1c4,
	"LATIN CAPITAL LETTER D WITH SMALL LETTER Z WITH CARON": 0x1c5,
	"LATIN SMALL LETTER DZ WITH CARON":                      0x1c6,
	"LATIN CAPITAL LETTER LJ":                               0x1c7,
	"LATIN CAPITAL LETTER L WITH SMALL LETTER J":            0x1c8,
	"LATIN SMALL LETTER LJ":                                 0x1c9,
	"LATIN CAPITAL LETTER NJ":                               0x1ca,
	"LATIN CAPITAL LETTER N WITH SMALL LETTER J":            0x1cb,
	"LATIN SMALL LETTER NJ":                                 0x1cc,
	"LATIN CAPITAL LETTER A WITH CARON":                     0x1cd,
	"LATIN SMALL LETTER A WITH CARON":                       0x1ce,
	"LATIN CAPITAL LETTER I WITH CARON":                     0x1cf,
	"LATIN SMALL LETTER I WITH CARON":                       0x1d0,
	"LATIN CAPITAL LETTER O WITH CARON":                     0x1d1,
	"LATIN SMALL LETTER O WITH CARON":                       0x1d2,
	"LATIN CAPITAL LETTER U WITH CARON":                     0x1d3,
	"LATIN SMALL LETTER U WITH CARON":                       0x1d4,
	"LATIN CAPITAL LETTER U WITH DIAERESIS AND MACRON":      0x1d5,
	"LATIN SMALL LETTER U WITH DIAERESIS AND MACRON":        0x1d6,
	"LATIN CAPITAL LETTER U WITH DIAERESIS AND ACUTE":       0x1d7,
	"LATIN SMALL LETTER U WITH DIAERESIS AND ACUTE":         0x1d8,
	"LATIN CAPITAL LETTER U WITH DIAERESIS AND CARON":       0x1d9,
	"LATIN SMALL LETTER U WITH DIAERESIS AND CARON":         0x1da,
	"LATIN CAPITAL LETTER U WITH DIAERESIS AND GRAVE":       0x1db,
	"LATIN SMALL LETTER U WITH DIAERESIS AND GRAVE":         0x1dc,
	"LATIN SMALL LETTER TURNED E":                           0x1dd,
	"LATIN CAPITAL LETTER A WITH DIAERESIS AND MACRON":      0x1de,
	"LATIN SMALL LETTER A WITH DIAERESIS AND MACRON":        0x1df,
	"LATIN CAPITAL LETTER A WITH DOT ABOVE AND MACRON":      0x1e0,
	"LATIN SMALL LETTER A WITH DOT ABOVE AND MACRON":        0x1e1,
	"LATIN CAPITAL LETTER AE WITH MACRON":                   0x1e2,
	"LATIN SMALL LETTER AE WITH MACRON":                     0x1e3,
	"LATIN CAPITAL LETTER G WITH STROKE":                    0x1e4,
	"LATIN SMALL LETTER G WITH STROKE":                      0x1e5,
	"LATIN CAPITAL LETTER G WITH CARON":                     0x1e6,
	"LATIN SMALL LETTER G WITH CARON":                       0x1e7,
	"LATIN CAPITAL LETTER K WITH CARON":                     0x1e8,
	"LATIN SMALL LETTER K WITH CARON":                       0x1e9,
	"LATIN CAPITAL LETTER O WITH OGONEK":                    0x1ea,
	"LATIN SMALL LETTER O WITH OGONEK":                      0x1eb,
	"LATIN CAPITAL LETTER O WITH OGONEK AND MACRON":         0x1ec,
	"LATIN SMALL LETTER O WITH OGONEK AND MACRON":           0x1ed,
	"LATIN CAPITAL LETTER EZH WITH CARON":                   0x1ee,
	"LATIN SMALL LETTER EZH WITH CARON":                     0x1ef,
	"LATIN SMALL LETTER J WITH CARON":                       0x1f0,
	"LATIN CAPITAL LETTER DZ":                               0x1f1,
	"LATIN CAPITAL LETTER D WITH SMALL LETTER Z":            0x1f2,
	"LATIN SMALL LETTER DZ":                                 0x1f3,
	"LATIN CAPITAL LETTER G WITH ACUTE":                     0x1f4,
	"LATIN SMALL LETTER G WITH ACUTE":                       0x1f5,
	"LATIN CAPITAL LETTER HWAIR":                            0x1f6,
	"LATIN CAPITAL LETTER WYNN":                             0x1f7,
	"LATIN CAPITAL LETTER N WITH GRAVE":                     0x1f8,
	"LATIN SMALL LETTER N WITH GRAVE":                       0x1f9,
	"LATIN CAPITAL LETTER A WITH RING ABOVE AND ACUTE":      0x1fa,
	"LATIN SMALL LETTER A WITH RING ABOVE AND ACUTE":        0x1fb,
	"LATIN CAPITAL LETTER AE WITH ACUTE":                    0x1fc,
	"LATIN SMALL LETTER AE WITH ACUTE":                      0x1fd,
	"LATIN CAPITAL LETTER O WITH STROKE AND ACUTE":          0x1fe,
	"LATIN SMALL LETTER O WITH STROKE AND ACUTE":            0x1ff,
	"LATIN CAPITAL LETTER A WITH DOUBLE GRAVE":              0x200,
	"LATIN SMALL LETTER A WITH DOUBLE GRAVE":                0x201,
	"LATIN CAPITAL LETTER A WITH INVERTED BREVE":            0x202,
	"LATIN SMALL LETTER A WITH INVERTED BREVE":              0x203,
	"LATIN CAPITAL LETTER E WITH DOUBLE GRAVE":              0x204,
	"LATIN SMALL LETTER E WITH DOUBLE GRAVE":                0x205,
	"LATIN CAPITAL LETTER E WITH INVERTED BREVE":            0x206,
	"LATIN SMALL LETTER E WITH INVERTED BREVE":              0x207,
	"LATIN CAPITAL LETTER I WITH DOUBLE GRAVE":              0x208,
	"LATIN SMALL LETTER I WITH DOUBLE GRAVE":                0x209,
	"LATIN CAPITAL LETTER I WITH INVERTED BREVE":            0x20a,
	"LATIN SMALL LETTER I WITH INVERTED BREVE":              0x20b,
	"LATIN CAPITAL LETTER O WITH DOUBLE GRAVE":              0x20c,
	"LATIN SMALL LETTER O WITH DOUBLE GRAVE":                0x20d,
	"LATIN CAPITAL LETTER O WITH INVERTED BREVE":            0x20e,
	"LATIN SMALL LETTER O WITH INVERTED BREVE":              0x20f,
	"LATIN CAPITAL LETTER R WITH DOUBLE GRAVE":              0x210,
	"LATIN SMALL LETTER R WITH DOUBLE GRAVE":                0x211,
	"LATIN CAPITAL LETTER R WITH INVERTED BREVE":            0x212,
	"LATIN SMALL LETTER R WITH INVERTED BREVE":              0x213,
	"LATIN CAPITAL LETTER U WITH DOUBLE GRAVE":              0x214,
	"LATIN SMALL LETTER U WITH DOUBLE GRAVE":                0x215,
	"LATIN CAPITAL LETTER U WITH INVERTED BREVE":            0x216,
	"LATIN SMALL LETTER U WITH INVERTED BREVE":              0x217,
	"LATIN CAPITAL LETTER S WITH COMMA BELOW":               0x218,
	"LATIN SMALL LETTER S WITH COMMA BELOW":                 0x219,
	"LATIN CAPITAL LETTER T WITH COMMA BELOW":               0x21a,
	"LATIN SMALL LETTER T WITH COMMA BELOW":                 0x21b,
	"LATIN CAPITAL LETTER YOGH":                             0x21c,
	"LATIN SMALL LETTER YOGH":                               0x21d,
	"LATIN CAPITAL LETTER H WITH CARON":                     0x21e,
	"LATIN SMALL LETTER H WITH CARON":                       0x21f,
	"LATIN CAPITAL LETTER N WITH LONG RIGHT LEG":            0x220,
	"LATIN SMALL LETTER D WITH CURL":                        0x221,
	"LATIN CAPITAL LETTER OU":                               0x222,
	"LATIN SMALL LETTER OU":                                 0x223,
	"LATIN CAPITAL LETTER Z WITH HOOK":                      0x224,
	"LATIN SMALL LETTER Z WITH HOOK":                        0x225,
	"LATIN CAPITAL LETTER A WITH DOT ABOVE":                 0x226,
	"LATIN SMALL LETTER A WITH DOT ABOVE":                   0x227,
	"LATIN CAPITAL LETTER E WITH CEDILLA":                   0x228,
	"LATIN SMALL LETTER E WITH CEDILLA":                     0x229,
	"LATIN CAPITAL LETTER O WITH DIAERESIS AND MACRON":      0x22a,
	"LATIN SMALL LETTER O WITH DIAERESIS AND MACRON":        0x22b,
	"LATIN CAPITAL LETTER O WITH TILDE AND MACRON":          0x22c,
	"LATIN SMALL LETTER O WITH TILDE AND MACRON":            0x22d,
	"LATIN CAPITAL LETTER O WITH DOT ABOVE":                 0x22e,
	"LATIN SMALL LETTER O WITH DOT ABOVE":                   0x22f,
	"LATIN CAPITAL LETTER O WITH DOT ABOVE AND MACRON":      0x230,
	"LATIN SMALL LETTER O WITH DOT ABOVE AND MACRON":        0x231,
	"LATIN CAPITAL LETTER Y WITH MACRON":                    0x232,
	"LATIN SMALL LETTER Y WITH MACRON":                      0x233,
	"LATIN SMALL LETTER L WITH CURL":                        0x234,
	"LATIN SMALL LETTER N WITH CURL":                        0x235,
	"LATIN SMALL LETTER T WITH CURL":                        0x236,
	"LATIN SMALL LETTER DOTLESS J":                          0x237,
	"LATIN SMALL LETTER DB DIGRAPH":                         0x238,
	"LATIN SMALL LETTER QP DIGRAPH":                         0x239,
	"LATIN CAPITAL LETTER A WITH STROKE":                    0x23a,
	"LATIN CAPITAL LETTER C WITH STROKE":                    0x23b,
	"LATIN SMALL LETTER C WITH STROKE":                      0x23c,
	"LATIN CAPITAL LETTER L WITH BAR":                       0x23d,
	"LATIN CAPITAL LETTER T WITH DIAGONAL STROKE":           0x23e,
	"LATIN SMALL LETTER S WITH SWASH TAIL":                  0x23f,
	"LATIN SMALL LETTER Z WITH SWASH TAIL":                  0x240,
	"LATIN CAPITAL LETTER GLOTTAL STOP":                     0x241,
	"LATIN SMALL LETTER GLOTTAL STOP":                       0x242,
	"LATIN CAPITAL LETTER B WITH STROKE":                    0x243,
	"LATIN CAPITAL LETTER U BAR":                            0x244,
	"LATIN CAPITAL LETTER TURNED V":                         0x245,
	"LATIN CAPITAL LETTER E WITH STROKE":                    0x246,
	"LATIN SMALL LETTER E WITH STROKE":                      0x247,
	"LATIN CAPITAL LETTER J WITH STROKE":                    0x248,
	"LATIN SMALL LETTER J WITH STROKE":                      0x249,
	"LATIN CAPITAL LETTER SMALL Q WITH HOOK TAIL":           0x24a,
	"LATIN SMALL LETTER Q WITH HOOK TAIL":                   0x24b,
	"LATIN CAPITAL LETTER R WITH STROKE":                    0x24c,
	"LATIN SMALL LETTER R WITH STROKE":                      0x24d,
	"LATIN CAPITAL LETTER Y WITH STROKE":                    0x24e,
	"LATIN SMALL LETTER Y WITH STROKE":                      0x24f,
	"GREEK CAPITAL LETTER HETA":                             0x370,
	"GREEK SMALL LETTER HETA":                               0x371,
	"GREEK CAPITAL LETTER ARCHAIC SAMPI":                    0x372,
	"GREEK SMALL LETTER ARCHAIC SAMPI":                      0x373,
	"GREEK NUMERAL SIGN":                                    0x374,
	"GREEK LOWER NUMERAL SIGN":                              0x375,
	"GREEK CAPITAL LETTER PAMPHYLIAN DIGAMMA":               0x376,
	"GREEK SMALL LETTER PAMPHYLIAN DIGAMMA":                 0x377,
	"GREEK YPOGEGRAMMENI":                                   0x37a,
	"GREEK SMALL REVERSED LUNATE SIGMA SYMBOL":              0x37b,
	"GREEK SMALL DOTTED LUNATE SIGMA SYMBOL":                0x37c,
	"GREEK SMALL REVERSED DOTTED LUNATE SIGMA SYMBOL":       0x37d,
	"GREEK QUESTION MARK":                                   0x37e,
	"GREEK CAPITAL LETTER YOT":                              0x37f,
	"GREEK TONOS":                                           0x384,
	"GREEK DIALYTIKA TONOS":                                 0x385,
	"GREEK CAPITAL LETTER ALPHA WITH TONOS":                 0x386,
	"GREEK ANO TELEIA":                                      0x387,
	"GREEK CAPITAL LETTER EPSILON WITH TONOS":               0x388,
	"GREEK CAPITAL LETTER ETA WITH TONOS":                   0x389,
	"GREEK CAPITAL LETTER IOTA WITH TONOS":                  0x38a,
	"GREEK CAPITAL LETTER OMICRON WITH TONOS":               0x38c,
	"GREEK CAPITAL LETTER UPSILON WITH TONOS":               0x38e,
	"GREEK CAPITAL LETTER OMEGA WITH TONOS":                 0x38f,
	"GREEK SMALL LETTER IOTA WITH DIALYTIKA AND TONOS":      0x390,
	"GREEK CAPITAL LETTER ALPHA":                            0x391,
	"GREEK CAPITAL LETTER BETA":                             0x392,
	"GREEK CAPITAL LETTER GAMMA":                            0x393,
	"GREEK CAPITAL LETTER DELTA":                            0x394,
	"GREEK CAPITAL LETTER EPSILON":                          0x395,
	"GREEK CAPITAL LETTER ZETA":                             0x396,
	"GREEK CAPITAL LETTER ETA":                              0x397,
	"GREEK CAPITAL LETTER THETA":                            0x398,
	"GREEK CAPITAL LETTER IOTA":                             0x399,
	"GREEK CAPITAL LETTER KAPPA":                            0x39a,
	"GREEK CAPITAL LETTER LAMDA":                            0x39b,
	"GREEK CAPITAL LETTER MU":                               0x39c,
	"GREEK CAPITAL LETTER NU":                               0x39d,
	"GREEK CAPITAL LETTER XI":                               0x39e,
	"GREEK CAPITAL LETTER OMICRON":                          0x39f,
	"GREEK CAPITAL LETTER PI":                               0x3a0,
	"GREEK CAPITAL LETTER RHO":                              0x3a1,
	"GREEK CAPITAL LETTER SIGMA":                            0x3a3,
	"GREEK CAPITAL LETTER TAU":                              0x3a4,
	"GREEK CAPITAL LETTER UPSILON":                          0x3a5,
	"GREEK CAPITAL LETTER PHI":                              0x3a6,
	"GREEK CAPITAL LETTER CHI":                              0x3a7,
	"GREEK CAPITAL LETTER PSI":                              0x3a8,
	"GREEK CAPITAL LETTER OMEGA":                            0x3a9,
	"GREEK CAPITAL LETTER IOTA WITH DIALYTIKA":              0x3aa,
	"GREEK CAPITAL LETTER UPSILON WITH DIALYTIKA":           0x3ab,
	"GREEK SMALL LETTER ALPHA WITH TONOS":                   0x3ac,
	"GREEK SMALL LETTER EPSILON WITH TONOS":                 0x3ad,
	"GREEK SMALL LETTER ETA WITH TONOS":                     0x3ae,
	"GREEK SMALL LETTER IOTA WITH TONOS":                    0x3af,
	"GREEK SMALL LETTER UPSILON WITH DIALYTIKA AND TONOS":   0x3b0,
	"GREEK SMALL LETTER ALPHA":                              0x3b1,
	"GREEK SMALL LETTER BETA":                               0x3b2,
	"GREEK SMALL LETTER GAMMA":                              0x3b3,
	"GREEK SMALL LETTER DELTA":                              0x3b4,
	"GREEK SMALL LETTER EPSILON":                            0x3b5,
	"GREEK SMALL LETTER ZETA":                               0x3b6,
	"GREEK SMALL LETTER ETA":                                0x3b7,
	"GREEK SMALL LETTER THETA":                              0x3b8,
	"GREEK SMALL LETTER IOTA":                               0x3b9,
	"GREEK SMALL LETTER KAPPA":                              0x3ba,
	"GREEK SMALL LETTER LAMDA":                              0x3bb,
	"GREEK SMALL LETTER MU":                                 0x3bc,
	"GREEK SMALL LETTER NU":                                 0x3bd,
	"GREEK SMALL LETTER XI":                                 0x3be,
	"GREEK SMALL LETTER OMICRON":                            0x3bf,
	"GREEK SMALL LETTER PI":                                 0x3c0,
	"GREEK SMALL LETTER RHO":                                0x3c1,
	"GREEK SMALL LETTER FINAL SIGMA":                        0x3c2,
	"GREEK SMALL LETTER SIGMA":                              0x3c3,
	"GREEK SMALL LETTER TAU":                                0x3c4,
	"GREEK SMALL LETTER UPSILON":                            0x3c5,
	"GREEK SMALL LETTER PHI":                                0x3c6,
	"GREEK SMALL LETTER CHI":                                0x3c7,
	"GREEK SMALL LETTER PSI":                                0x3c8,
	"GREEK SMALL LETTER OMEGA":                              0x3c9,
	"GREEK SMALL LETTER IOTA WITH DIALYTIKA":                0x3ca,
	"GREEK SMALL LETTER UPSILON WITH DIALYTIKA":             0x3cb,
	"GREEK SMALL LETTER OMICRON WITH TONOS":                 0x3cc,
	"GREEK SMALL LETTER UPSILON WITH TONOS":                 0x3cd,
	"GREEK SMALL LETTER OMEGA WITH TONOS":                   0x3ce,
	"GREEK CAPITAL KAI SYMBOL":                              0x3cf,
	"GREEK BETA SYMBOL":                                     0x3d0,
	"GREEK THETA SYMBOL":                                    0x3d1,
	"GREEK UPSILON WITH HOOK SYMBOL":                        0x3d2,
	"GREEK UPSILON WITH ACUTE AND HOOK SYMBOL":              0x3d3,
	"GREEK UPSILON WITH DIAERESIS AND HOOK SYMBOL":          0x3d4,
	"GREEK PHI SYMBOL":                                      0x3d5,
	"GREEK PI SYMBOL":                                       0x3d6,
	"GREEK KAI SYMBOL":                                      0x3d7,
	"GREEK LETTER ARCHAIC KOPPA":                            0x3d8,
	"GREEK SMALL LETTER ARCHAIC KOPPA":                      0x3d9,
	"GREEK LETTER STIGMA":                                   0x3da,
	"GREEK SMALL LETTER STIGMA":                             0x3db,
	"GREEK LETTER DIGAMMA":                                  0x3dc,
	"GREEK SMALL LETTER DIGAMMA":                            0x3dd,
	"GREEK LETTER KOPPA":                                    0x3de,
	"GREEK SMALL LETTER KOPPA":                              0x3df,
	"GREEK LETTER SAMPI":                                    0x3e0,
	"GREEK SMALL LETTER SAMPI":                              0x3e1,
	"COPTIC CAPITAL LETTER SHEI":                            0x3e2,
	"COPTIC SMALL LETTER SHEI":                              0x3e3,
	"COPTIC CAPITAL LETTER FEI":                             0x3e4,
	"COPTIC SMALL LETTER FEI":                               0x3e5,
	"COPTIC CAPITAL LETTER KHEI":                            0x3e6,
	"COPTIC SMALL LETTER KHEI":                              0x3e7,
	"COPTIC CAPITAL LETTER HORI":                            0x3e8,
	"COPTIC SMALL LETTER HORI":                              0x3e9,
	"COPTIC CAPITAL LETTER GANGIA":                          0x3ea,
	"COPTIC SMALL LETTER GANGIA":                            0x3eb,
	"COPTIC CAPITAL LETTER SHIMA":                           0x3ec,
	"COPTIC SMALL LETTER SHIMA":                             0x3ed,
	"COPTIC CAPITAL LETTER DEI":                             0x3ee,
	"COPTIC SMALL LETTER DEI":                               0x3ef,
	"GREEK KAPPA SYMBOL":                                    0x3f0,
	"GREEK RHO SYMBOL":                                      0x3f1,
	"GREEK LUNATE SIGMA SYMBOL":                             0x3f2,
	"GREEK LETTER YOT":                                      0x3f3,
	"GREEK CAPITAL THETA SYMBOL":                            0x3f4,
	"GREEK LUNATE EPSILON SYMBOL":                           0x3f5,
	"GREEK REVERSED LUNATE EPSILON SYMBOL":                  0x3f6,
	"GREEK CAPITAL LETTER SHO":                              0x3f7,
	"GREEK SMALL LETTER SHO":                                0x3f8,
	"GREEK CAPITAL LUNATE SIGMA SYMBOL":                     0x3f9,
	"GREEK CAPITAL LETTER SAN":                              0x3fa,
	"GREEK SMALL LETTER SAN":                                0x3fb,
	"GREEK RHO WITH STROKE SYMBOL":                          0x3fc,
	"GREEK CAPITAL REVERSED LUNATE SIGMA SYMBOL":            0x3fd,
	"GREEK CAPITAL DOTTED LUNATE SIGMA SYMBOL":              0x3fe,
	"GREEK CAPITAL REVERSED DOTTED LUNATE SIGMA SYMBOL":     0x3ff,
	"EN QUAD":                               0x2000,
	"EM QUAD":                               0x2001,
	"EN SPACE":                              0x2002,
	"EM SPACE":                              0x2003,
	"THREE-PER-EM SPACE":                    0x2004,
	"FOUR-PER-EM SPACE":                     0x2005,
	"SIX-PER-EM SPACE":                      0x2006,
	"FIGURE SPACE":                          0x2007,
	"PUNCTUATION SPACE":                     0x2008,
	"THIN SPACE":                            0x2009,
	"HAIR SPACE":                            0x200a,
	"ZERO WIDTH SPACE":                      0x200b,
	"ZERO WIDTH NON-JOINER":                 0x200c,
	"ZERO WIDTH JOINER":                     0x200d,
	"LEFT-TO-RIGHT MARK":                    0x200e,
	"RIGHT-TO-LEFT MARK":                    0x200f,
	"HYPHEN":                                0x2010,
	"NON-BREAKING HYPHEN":                   0x2011,
	"FIGURE DASH":                           0x2012,
	"EN DASH":                               0x2013,
	"EM DASH":                               0x2014,
	"HORIZONTAL BAR":                        0x2015,
	"DOUBLE VERTICAL LINE":                  0x2016,
	"DOUBLE LOW LINE":                       0x2017,
	"LEFT SINGLE QUOTATION MARK":            0x2018,
	"RIGHT SINGLE QUOTATION MARK":           0x2019,
	"SINGLE LOW-9 QUOTATION MARK":           0x201a,
	"SINGLE HIGH-REVERSED-9 QUOTATION MARK": 0x201b,
	"LEFT DOUBLE QUOTATION MARK":            0x201c,
	"RIGHT DOUBLE QUOTATION MARK":           0x201d,
	"DOUBLE LOW-9 QUOTATION MARK":           0x201e,
	"DOUBLE HIGH-REVERSED-9 QUOTATION MARK": 0x201f,
	"DAGGER":                                0x2020,
	"DOUBLE DAGGER":                         0x2021,
	"BULLET":                                0x2022,
	"TRIANGULAR BULLET":                     0x2023,
	"ONE DOT LEADER":                        0x2024,
	"TWO DOT LEADER":                        0x2025,
	"HORIZONTAL ELLIPSIS":                   0x2026,
	"HYPHENATION POINT":                     0x2027,
	"LINE SEPARATOR":                        0x2028,
	"PARAGRAPH SEPARATOR":                   0x2029,
	"LEFT-TO-RIGHT EMBEDDING":               0x202a,
	"RIGHT-TO-LEFT EMBEDDING":               0x202b,
	"POP DIRECTIONAL FORMATTING":            0x202c,
	"LEFT-TO-RIGHT OVERRIDE":                0x202d,
	"RIGHT-TO-LEFT OVERRIDE":                0x202e,
	"NARROW NO-BREAK SPACE":                 0x202f,
	"PER MILLE SIGN":                        0x2030,
	"PER TEN THOUSAND SIGN":                 0x2031,
	"PRIME":                                 0x2032,
	"DOUBLE PRIME":                          0x2033,
	"TRIPLE PRIME":                          0x2034,
	"REVERSED PRIME":                        0x2035,
	"REVERSED DOUBLE PRIME":                 0x2036,
	"REVERSED TRIPLE PRIME":                 0x2037,
	"CARET":                                 0x2038,
	"SINGLE LEFT-POINTING ANGLE QUOTATION MARK":  0x2039,
	"SINGLE RIGHT-POINTING ANGLE QUOTATION MARK": 0x203a,
	"REFERENCE MARK":                         0x203b,
	"DOUBLE EXCLAMATION MARK":                0x203c,
	"INTERROBANG":                            0x203d,
	"OVERLINE":                               0x203e,
	"UNDERTIE":                               0x203f,
	"CHARACTER TIE":                          0x2040,
	"CARET INSERTION POINT":                  0x2041,
	"ASTERISM":                               0x2042,
	"HYPHEN BULLET":                          0x2043,
	"FRACTION SLASH":                         0x2044,
	"LEFT SQUARE BRACKET WITH QUILL":         0x2045,
	"RIGHT SQUARE BRACKET WITH QUILL":        0x2046,
	"DOUBLE QUESTION MARK":                   0x2047,
	"QUESTION EXCLAMATION MARK":              0x2048,
	"EXCLAMATION QUESTION MARK":              0x2049,
	"TIRONIAN SIGN ET":                       0x204a,
	"REVERSED PILCROW SIGN":                  0x204b,
	"BLACK LEFTWARDS BULLET":                 0x204c,
	"BLACK RIGHTWARDS BULLET":                0x204d,
	"LOW ASTERISK":                           0x204e,
	"REVERSED SEMICOLON":                     0x204f,
	"CLOSE UP":                               0x2050,
	"TWO ASTERISKS ALIGNED VERTICALLY":       0x2051,
	"COMMERCIAL MINUS SIGN":                  0x2052,
	"SWUNG DASH":                             0x2053,
	"INVERTED UNDERTIE":                      0x2054,
	"FLOWER PUNCTUATION MARK":                0x2055,
	"THREE DOT PUNCTUATION":                  0x2056,
	"QUADRUPLE PRIME":                        0x2057,
	"FOUR DOT PUNCTUATION":                   0x2058,
	"FIVE DOT PUNCTUATION":                   0x2059,
	"TWO DOT PUNCTUATION":                    0x205a,
	"FOUR DOT MARK":                          0x205b,
	"DOTTED CROSS":                           0x205c,
	"TRICOLON":                               0x205d,
	"VERTICAL FOUR DOTS":                     0x205e,
	"MEDIUM MATHEMATICAL SPACE":              0x205f,
	"WORD JOINER":                            0x2060,
	"FUNCTION APPLICATION":                   0x2061,
	"INVISIBLE TIMES":                        0x2062,
	"INVISIBLE SEPARATOR":                    0x2063,
	"INVISIBLE PLUS":                         0x2064,
	"LEFT-TO-RIGHT ISOLATE":                  0x2066,
	"RIGHT-TO-LEFT ISOLATE":                  0x2067,
	"FIRST STRONG ISOLATE":                   0x2068,
	"POP DIRECTIONAL ISOLATE":                0x2069,
	"INHIBIT SYMMETRIC SWAPPING":             0x206a,
	"ACTIVATE SYMMETRIC SWAPPING":            0x206b,
	"INHIBIT ARABIC FORM SHAPING":            0x206c,
	"ACTIVATE ARABIC FORM SHAPING":           0x206d,
	"NATIONAL DIGIT SHAPES":                  0x206e,
	"NOMINAL DIGIT SHAPES":                   0x206f,
	"EURO-CURRENCY SIGN":                     0x20a0,
	"COLON SIGN":                             0x20a1,
	"CRUZEIRO SIGN":                          0x20a2,
	"FRENCH FRANC SIGN":                      0x20a3,
	"LIRA SIGN":                              0x20a4,
	"MILL SIGN":                              0x20a5,
	"NAIRA SIGN":                             0x20a6,
	"PESETA SIGN":                            0x20a7,
	"RUPEE SIGN":                             0x20a8,
	"WON SIGN":                               0x20a9,
	"NEW SHEQEL SIGN":                        0x20aa,
	"DONG SIGN":                              0x20ab,
	"EURO SIGN":                              0x20ac,
	"KIP SIGN":                               0x20ad,
	"TUGRIK SIGN":                            0x20ae,
	"DRACHMA SIGN":                           0x20af,
	"GERMAN PENNY SIGN":                      0x20b0,
	"PESO SIGN":                              0x20b1,
	"GUARANI SIGN":                           0x20b2,
	"AUSTRAL SIGN":                           0x20b3,
	"HRYVNIA SIGN":                           0x20b4,
	"CEDI SIGN":                              0x20b5,
	"LIVRE TOURNOIS SIGN":                    0x20b6,
	"SPESMILO SIGN":                          0x20b7,
	"TENGE SIGN":                             0x20b8,
	"INDIAN RUPEE SIGN":                      0x20b9,
	"TURKISH LIRA SIGN":                      0x20ba,
	"NORDIC MARK SIGN":                       0x20bb,
	"MANAT SIGN":                             0x20bc,
	"RUBLE SIGN":                             0x20bd,
	"LARI SIGN":                              0x20be,
	"BITCOIN SIGN":                           0x20bf,
	"SOM SIGN":                               0x20c0,
	"ACCOUNT OF":                             0x2100,
	"ADDRESSED TO THE SUBJECT":               0x2101,
	"DOUBLE-STRUCK CAPITAL C":                0x2102,
	"DEGREE CELSIUS":                         0x2103,
	"CENTRE LINE SYMBOL":                     0x2104,
	"CARE OF":                                0x2105,
	"CADA UNA":                               0x2106,
	"EULER CONSTANT":                         0x2107,
	"SCRUPLE":                                0x2108,
	"DEGREE FAHRENHEIT":                      0x2109,
	"SCRIPT SMALL G":                         0x210a,
	"SCRIPT CAPITAL H":                       0x210b,
	"BLACK-LETTER CAPITAL H":                 0x210c,
	"DOUBLE-STRUCK CAPITAL H":                0x210d,
	"PLANCK CONSTANT":                        0x210e,
	"PLANCK CONSTANT OVER TWO PI":            0x210f,
	"SCRIPT CAPITAL I":                       0x2110,
	"BLACK-LETTER CAPITAL I":                 0x2111,
	"SCRIPT CAPITAL L":                       0x2112,
	"SCRIPT SMALL L":                         0x2113,
	"L B BAR SYMBOL":                         0x2114,
	"DOUBLE-STRUCK CAPITAL N":                0x2115,
	"NUMERO SIGN":                            0x2116,
	"SOUND RECORDING COPYRIGHT":              0x2117,
	"SCRIPT CAPITAL P":                       0x2118,
	"DOUBLE-STRUCK CAPITAL P":                0x2119,
	"DOUBLE-STRUCK CAPITAL Q":                0x211a,
	"SCRIPT CAPITAL R":                       0x211b,
	"BLACK-LETTER CAPITAL R":                 0x211c,
	"DOUBLE-STRUCK CAPITAL R":                0x211d,
	"PRESCRIPTION TAKE":                      0x211e,
	"RESPONSE":                               0x211f,
	"SERVICE MARK":                           0x2120,
	"TELEPHONE SIGN":                         0x2121,
	"TRADE MARK SIGN":                        0x2122,
	"VERSICLE":                               0x2123,
	"DOUBLE-STRUCK CAPITAL Z":                0x2124,
	"OUNCE SIGN":                             0x2125,
	"OHM SIGN":                               0x2126,
	"INVERTED OHM SIGN":                      0x2127,
	"BLACK-LETTER CAPITAL Z":                 0x2128,
	"TURNED GREEK SMALL LETTER IOTA":         0x2129,
	"KELVIN SIGN":                            0x212a,
	"ANGSTROM SIGN":                          0x212b,
	"SCRIPT CAPITAL B":                       0x212c,
	"BLACK-LETTER CAPITAL C":                 0x212d,
	"ESTIMATED SYMBOL":                       0x212e,
	"SCRIPT SMALL E":                         0x212f,
	"SCRIPT CAPITAL E":                       0x2130,
	"SCRIPT CAPITAL F":                       0x2131,
	"TURNED CAPITAL F":                       0x2132,
	"SCRIPT CAPITAL M":                       0x2133,
	"SCRIPT SMALL O":                         0x2134,
	"ALEF SYMBOL":                            0x2135,
	"BET SYMBOL":                             0x2136,
	"GIMEL SYMBOL":                           0x2137,
	"DALET SYMBOL":                           0x2138,
	"INFORMATION SOURCE":                     0x2139,
	"ROTATED CAPITAL Q":                      0x213a,
	"FACSIMILE SIGN":                         0x213b,
	"DOUBLE-STRUCK SMALL PI":                 0x213c,
	"DOUBLE-STRUCK SMALL GAMMA":              0x213d,
	"DOUBLE-STRUCK CAPITAL GAMMA":            0x213e,
	"DOUBLE-STRUCK CAPITAL PI":               0x213f,
	"DOUBLE-STRUCK N-ARY SUMMATION":          0x2140,
	"TURNED SANS-SERIF CAPITAL G":            0x2141,
	"TURNED SANS-SERIF CAPITAL L":            0x2142,
	"REVERSED SANS-SERIF CAPITAL L":          0x2143,
	"TURNED SANS-SERIF CAPITAL Y":            0x2144,
	"DOUBLE-STRUCK ITALIC CAPITAL D":         0x2145,
	"DOUBLE-STRUCK ITALIC SMALL D":           0x2146,
	"DOUBLE-STRUCK ITALIC SMALL E":           0x2147,
	"DOUBLE-STRUCK ITALIC SMALL I":           0x2148,
	"DOUBLE-STRUCK ITALIC SMALL J":           0x2149,
	"PROPERTY LINE":                          0x214a,
	"TURNED AMPERSAND":                       0x214b,
	"PER SIGN":                               0x214c,
	"AKTIESELSKAB":                           0x214d,
	"TURNED SMALL F":                         0x214e,
	"SYMBOL FOR SAMARITAN SOURCE":            0x214f,
	"VULGAR FRACTION ONE SEVENTH":            0x2150,
	"VULGAR FRACTION ONE NINTH":              0x2151,
	"VULGAR FRACTION ONE TENTH":              0x2152,
	"VULGAR FRACTION ONE THIRD":              0x2153,
	"VULGAR FRACTION TWO THIRDS":             0x2154,
	"VULGAR FRACTION ONE FIFTH":              0x2155,
	"VULGAR FRACTION TWO FIFTHS":             0x2156,
	"VULGAR FRACTION THREE FIFTHS":           0x2157,
	"VULGAR FRACTION FOUR FIFTHS":            0x2158,
	"VULGAR FRACTION ONE SIXTH":              0x2159,
	"VULGAR FRACTION FIVE SIXTHS":            0x215a,
	"VULGAR FRACTION ONE EIGHTH":             0x215b,
	"VULGAR FRACTION THREE EIGHTHS":          0x215c,
	"VULGAR FRACTION FIVE EIGHTHS":           0x215d,
	"VULGAR FRACTION SEVEN EIGHTHS":          0x215e,
	"FRACTION NUMERATOR ONE":                 0x215f,
	"ROMAN NUMERAL ONE":                      0x2160,
	"ROMAN NUMERAL TWO":                      0x2161,
	"ROMAN NUMERAL THREE":                    0x2162,
	"ROMAN NUMERAL FOUR":                     0x2163,
	"ROMAN NUMERAL FIVE":                     0x2164,
	"ROMAN NUMERAL SIX":                      0x2165,
	"ROMAN NUMERAL SEVEN":                    0x2166,
	"ROMAN NUMERAL EIGHT":                    0x2167,
	"ROMAN NUMERAL NINE":                     0x2168,
	"ROMAN NUMERAL TEN":                      0x2169,
	"ROMAN NUMERAL ELEVEN":                   0x216a,
	"ROMAN NUMERAL TWELVE":                   0x216b,
	"ROMAN NUMERAL FIFTY":                    0x216c,
	"ROMAN NUMERAL ONE HUNDRED":              0x216d,
	"ROMAN NUMERAL FIVE HUNDRED":             0x216e,
	"ROMAN NUMERAL ONE THOUSAND":             0x216f,
	"SMALL ROMAN NUMERAL ONE":                0x2170,
	"SMALL ROMAN NUMERAL TWO":                0x2171,
	"SMALL ROMAN NUMERAL THREE":              0x2172,
	"SMALL ROMAN NUMERAL FOUR":               0x2173,
	"SMALL ROMAN NUMERAL FIVE":               0x2174,
	"SMALL ROMAN NUMERAL SIX":                0x2175,
	"SMALL ROMAN NUMERAL SEVEN":              0x2176,
	"SMALL ROMAN NUMERAL EIGHT":              0x2177,
	"SMALL ROMAN NUMERAL NINE":               0x2178,
	"SMALL ROMAN NUMERAL TEN":                0x2179,
	"SMALL ROMAN NUMERAL ELEVEN":             0x217a,
	"SMALL ROMAN NUMERAL TWELVE":             0x217b,
	"SMALL ROMAN NUMERAL FIFTY":              0x217c,
	"SMALL ROMAN NUMERAL ONE HUNDRED":        0x217d,
	"SMALL ROMAN NUMERAL FIVE HUNDRED":       0x217e,
	"SMALL ROMAN NUMERAL ONE THOUSAND":       0x217f,
	"ROMAN NUMERAL ONE THOUSAND C D":         0x2180,
	"ROMAN NUMERAL FIVE THOUSAND":            0x2181,
	"ROMAN NUMERAL TEN THOUSAND":             0x2182,
	"ROMAN NUMERAL REVERSED ONE HUNDRED":     0x2183,
	"LATIN SMALL LETTER REVERSED C":          0x2184,
	"ROMAN NUMERAL SIX LATE FORM":            0x2185,
	"ROMAN NUMERAL FIFTY EARLY FORM":         0x2186,
	"ROMAN NUMERAL FIFTY THOUSAND":           0x2187,
	"ROMAN NUMERAL ONE HUNDRED THOUSAND":     0x2188,
	"VULGAR FRACTION ZERO THIRDS":            0x2189,
	"TURNED DIGIT TWO":                       0x218a,
	"TURNED DIGIT THREE":                     0x218b,
	"LEFTWARDS ARROW":                        0x2190,
	"UPWARDS ARROW":                          0x2191,
	"RIGHTWARDS ARROW":                       0x2192,
	"DOWNWARDS ARROW":                        0x2193,
	"LEFT RIGHT ARROW":                       0x2194,
	"UP DOWN ARROW":                          0x2195,
	"NORTH WEST ARROW":                       0x2196,
	"NORTH EAST ARROW":                       0x2197,
	"SOUTH EAST ARROW":                       0x2198,
	"SOUTH WEST ARROW":                       0x2199,
	"LEFTWARDS ARROW WITH STROKE":            0x219a,
	"RIGHTWARDS ARROW WITH STROKE":           0x219b,
	"LEFTWARDS WAVE ARROW":                   0x219c,
	"RIGHTWARDS WAVE ARROW":                  0x219d,
	"LEFTWARDS TWO HEADED ARROW":             0x219e,
	"UPWARDS TWO HEADED ARROW":               0x219f,
	"RIGHTWARDS TWO HEADED ARROW":            0x21a0,
	"DOWNWARDS TWO HEADED ARROW":             0x21a1,
	"LEFTWARDS ARROW WITH TAIL":              0x21a2,
	"RIGHTWARDS ARROW WITH TAIL":             0x21a3,
	"LEFTWARDS ARROW FROM BAR":               0x21a4,
	"UPWARDS ARROW FROM BAR":                 0x21a5,
	"RIGHTWARDS ARROW FROM BAR":              0x21a6,
	"DOWNWARDS ARROW FROM BAR":               0x21a7,
	"UP DOWN ARROW WITH BASE":                0x21a8,
	"LEFTWARDS ARROW WITH HOOK":              0x21a9,
	"RIGHTWARDS ARROW WITH HOOK":             0x21aa,
	"LEFTWARDS ARROW WITH LOOP":              0x21ab,
	"RIGHTWARDS ARROW WITH LOOP":             0x21ac,
	"LEFT RIGHT WAVE ARROW":                  0x21ad,
	"LEFT RIGHT ARROW WITH STROKE":           0x21ae,
	"DOWNWARDS ZIGZAG ARROW":                 0x21af,
	"UPWARDS ARROW WITH TIP LEFTWARDS":       0x21b0,
	"UPWARDS ARROW WITH TIP RIGHTWARDS":      0x21b1,
	"DOWNWARDS ARROW WITH TIP LEFTWARDS":     0x21b2,
	"DOWNWARDS ARROW WITH TIP RIGHTWARDS":    0x21b3,
	"RIGHTWARDS ARROW WITH CORNER DOWNWARDS": 0x21b4,
	"DOWNWARDS ARROW WITH CORNER LEFTWARDS":  0x21b5,
	"ANTICLOCKWISE TOP SEMICIRCLE ARROW":     0x21b6,
	"CLOCKWISE TOP SEMICIRCLE ARROW":         0x21b7,
	"NORTH WEST ARROW TO LONG BAR":           0x21b8,
	"LEFTWARDS ARROW TO BAR OVER RIGHTWARDS ARROW TO BAR": 0x21b9,
	"ANTICLOCKWISE OPEN CIRCLE ARROW":                     0x21ba,
	"CLOCKWISE OPEN CIRCLE ARROW":                         0x21bb,
	"LEFTWARDS HARPOON WITH BARB UPWARDS":                 0x21bc,
	"LEFTWARDS HARPOON WITH BARB DOWNWARDS":               0x21bd,
	"UPWARDS HARPOON WITH BARB RIGHTWARDS":                0x21be,
	"UPWARDS HARPOON WITH BARB LEFTWARDS":                 0x21bf,
	"RIGHTWARDS HARPOON WITH BARB UPWARDS":                0x21c0,
	"RIGHTWARDS HARPOON WITH BARB DOWNWARDS":              0x21c1,
	"DOWNWARDS HARPOON WITH BARB RIGHTWARDS":              0x21c2,
	"DOWNWARDS HARPOON WITH BARB LEFTWARDS":               0x21c3,
	"RIGHTWARDS ARROW OVER LEFTWARDS ARROW":               0x21c4,
	"UPWARDS ARROW LEFTWARDS OF DOWNWARDS ARROW":          0x21c5,
	"LEFTWARDS ARROW OVER RIGHTWARDS ARROW":               0x21c6,
	"LEFTWARDS PAIRED ARROWS":                             0x21c7,
	"UPWARDS PAIRED ARROWS":                               0x21c8,
	"RIGHTWARDS PAIRED ARROWS":                            0x21c9,
	"DOWNWARDS PAIRED ARROWS":                             0x21ca,
	"LEFTWARDS HARPOON OVER RIGHTWARDS HARPOON":           0x21cb,
	"RIGHTWARDS HARPOON OVER LEFTWARDS HARPOON":           0x21cc,
	"LEFTWARDS DOUBLE ARROW WITH STROKE":                  0x21cd,
	"LEFT RIGHT DOUBLE ARROW WITH STROKE":                 0x21ce,
	"RIGHTWARDS DOUBLE ARROW WITH STROKE":                 0x21cf,
	"LEFTWARDS DOUBLE ARROW":                              0x21d0,
	"UPWARDS DOUBLE ARROW":                                0x21d1,
	"RIGHTWARDS DOUBLE ARROW":                             0x21d2,
	"DOWNWARDS DOUBLE ARROW":                              0x21d3,
	"LEFT RIGHT DOUBLE ARROW":                             0x21d4,
	"UP DOWN DOUBLE ARROW":                                0x21d5,
	"NORTH WEST DOUBLE ARROW":                             0x21d6,
	"NORTH EAST DOUBLE ARROW":                             0x21d7,
	"SOUTH EAST DOUBLE ARROW":                             0x21d8,
	"SOUTH WEST DOUBLE ARROW":                             0x21d9,
	"LEFTWARDS TRIPLE ARROW":                              0x21da,
	"RIGHTWARDS TRIPLE ARROW":                             0x21db,
	"LEFTWARDS SQUIGGLE ARROW":                            0x21dc,
	"RIGHTWARDS SQUIGGLE ARROW":                           0x21dd,
	"UPWARDS ARROW WITH DOUBLE STROKE":                    0x21de,
	"DOWNWARDS ARROW WITH DOUBLE STROKE":                  0x21df,
	"LEFTWARDS DASHED ARROW":                              0x21e0,
	"UPWARDS DASHED ARROW":                                0x21e1,
	"RIGHTWARDS DASHED ARROW":                             0x21e2,
	"DOWNWARDS DASHED ARROW":                              0x21e3,
	"LEFTWARDS ARROW TO BAR":                              0x21e4,
	"RIGHTWARDS ARROW TO BAR":                             0x21e5,
	"LEFTWARDS WHITE ARROW":                               0x21e6,
	"UPWARDS WHITE ARROW":                                 0x21e7,
	"RIGHTWARDS WHITE ARROW":                              0x21e8,
	"DOWNWARDS WHITE ARROW":                               0x21e9,
	"UPWARDS WHITE ARROW FROM BAR":                        0x21ea,
	"UPWARDS WHITE ARROW ON PEDESTAL":                     0x21eb,
	"UPWARDS WHITE ARROW ON PEDESTAL WITH HORIZONTAL BAR": 0x21ec,
	"UPWARDS WHITE ARROW ON PEDESTAL WITH VERTICAL BAR":   0x21ed,
	"UPWARDS WHITE DOUBLE ARROW":                          0x21ee,
	"UPWARDS WHITE DOUBLE ARROW ON PEDESTAL":              0x21ef,
	"RIGHTWARDS WHITE ARROW FROM WALL":                    0x21f0,
	"NORTH WEST ARROW TO CORNER":                          0x21f1,
	"SOUTH EAST ARROW TO CORNER":                          0x21f2,
	"UP DOWN WHITE ARROW":                                 0x21f3,
	"RIGHT ARROW WITH SMALL CIRCLE":                       0x21f4,
	"DOWNWARDS ARROW LEFTWARDS OF UPWARDS ARROW":          0x21f5,
	"THREE RIGHTWARDS ARROWS":                             0x21f6,
	"LEFTWARDS ARROW WITH VERTICAL STROKE":                0x21f7,
	"RIGHTWARDS ARROW WITH VERTICAL STROKE":               0x21f8,
	"LEFT RIGHT ARROW WITH VERTICAL STROKE":               0x21f9,
	"LEFTWARDS ARROW WITH DOUBLE VERTICAL STROKE":         0x21fa,
	"RIGHTWARDS ARROW WITH DOUBLE VERTICAL STROKE":        0x21fb,
	"LEFT RIGHT ARROW WITH DOUBLE VERTICAL STROKE":        0x21fc,
	"LEFTWARDS OPEN-HEADED ARROW":                         0x21fd,
	"RIGHTWARDS OPEN-HEADED ARROW":                        0x21fe,
	"LEFT RIGHT OPEN-HEADED ARROW":                        0x21ff,
	"FOR ALL":                                             0x2200,
	"COMPLEMENT":                                          0x2201,
	"PARTIAL DIFFERENTIAL":                                0x2202,
	"THERE EXISTS":                                        0x2203,
	"THERE DOES NOT EXIST":                                0x2204,
	"EMPTY SET":                                           0x2205,
	"INCREMENT":                                           0x2206,
	"NABLA":                                               0x2207,
	"ELEMENT OF":                                          0x2208,
	"NOT AN ELEMENT OF":                                   0x2209,
	"SMALL ELEMENT OF":                                    0x220a,
	"CONTAINS AS MEMBER":                                  0x220b,
	"DOES NOT CONTAIN AS MEMBER":                          0x220c,
	"SMALL CONTAINS AS MEMBER":                            0x220d,
	"END OF PROOF":                                        0x220e,
	"N-ARY PRODUCT":                                       0x220f,
	"N-ARY COPRODUCT":                                     0x2210,
	"N-ARY SUMMATION":                                     0x2211,
	"MINUS SIGN":                                          0x2212,
	"MINUS-OR-PLUS SIGN":                                  0x2213,
	"DOT PLUS":                                            0x2214,
	"DIVISION SLASH":                                      0x2215,
	"SET MINUS":                                           0x2216,
	"ASTERISK OPERATOR":                                   0x2217,
	"RING OPERATOR":                                       0x2218,
	"BULLET OPERATOR":                                     0x2219,
	"SQUARE ROOT":                                         0x221a,
	"CUBE ROOT":                                           0x221b,
	"FOURTH ROOT":                                         0x221c,
	"PROPORTIONAL TO":                                     0x221d,
	"INFINITY":                                            0x221e,
	"RIGHT ANGLE":                                         0x221f,
	"ANGLE":                                               0x2220,
	"MEASURED ANGLE":                                      0x2221,
	"SPHERICAL ANGLE":                                     0x2222,
	"DIVIDES":                                             0x2223,
	"DOES NOT DIVIDE":                                     0x2224,
	"PARALLEL TO":                                         0x2225,
	"NOT PARALLEL TO":                                     0x2226,
	"LOGICAL AND":                                         0x2227,
	"LOGICAL OR":                                          0x2228,
	"INTERSECTION":                                        0x2229,
	"UNION":                                               0x222a,
	"INTEGRAL":                                            0x222b,
	"DOUBLE INTEGRAL":                                     0x222c,
	"TRIPLE INTEGRAL":                                     0x222d,
	"CONTOUR INTEGRAL":                                    0x222e,
	"SURFACE INTEGRAL":                                    0x222f,
	"VOLUME INTEGRAL":                                     0x2230,
	"CLOCKWISE INTEGRAL":                                  0x2231,
	"CLOCKWISE CONTOUR INTEGRAL":                          0x2232,
	"ANTICLOCKWISE CONTOUR INTEGRAL":                      0x2233,
	"THEREFORE":                                           0x2234,
	"BECAUSE":                                             0x2235,
	"RATIO":                                               0x2236,
	"PROPORTION":                                          0x2237,
	"DOT MINUS":                                           0x2238,
	"EXCESS":                                              0x2239,
	"GEOMETRIC PROPORTION":                                0x223a,
	"HOMOTHETIC":                                          0x223b,
	"TILDE OPERATOR":                                      0x223c,
	"REVERSED TILDE":                                      0x223d,
	"INVERTED LAZY S":                                     0x223e,
	"SINE WAVE":                                           0x223f,
	"WREATH PRODUCT":                                      0x2240,
	"NOT TILDE":                                           0x2241,
	"MINUS TILDE":                                         0x2242,
	"ASYMPTOTICALLY EQUAL TO":                             0x2243,
	"NOT ASYMPTOTICALLY EQUAL TO":                         0x2244,
	"APPROXIMATELY EQUAL TO":                              0x2245,
	"APPROXIMATELY BUT NOT ACTUALLY EQUAL TO":             0x2246,
	"NEITHER APPROXIMATELY NOR ACTUALLY EQUAL TO":         0x2247,
	"ALMOST EQUAL TO":                                     0x2248,
	"NOT ALMOST EQUAL TO":                                 0x2249,
	"ALMOST EQUAL OR EQUAL TO":                            0x224a,
	"TRIPLE TILDE":                                        0x224b,
	"ALL EQUAL TO":                                        0x224c,
	"EQUIVALENT TO":                                       0x224d,
	"GEOMETRICALLY EQUIVALENT TO":                         0x224e,
	"DIFFERENCE BETWEEN":                                  0x224f,
	"APPROACHES THE LIMIT":                                0x2250,
	"GEOMETRICALLY EQUAL TO":                              0x2251,
	"APPROXIMATELY EQUAL TO OR THE IMAGE OF":              0x2252,
	"IMAGE OF OR APPROXIMATELY EQUAL TO":                  0x2253,
	"COLON EQUALS":                                        0x2254,
	"EQUALS COLON":                                        0x2255,
	"RING IN EQUAL TO":                                    0x2256,
	"RING EQUAL TO":                                       0x2257,
	"CORRESPONDS TO":                                      0x2258,
	"ESTIMATES":                                           0x2259,
	"EQUIANGULAR TO":                                      0x225a,
	"STAR EQUALS":                                         0x225b,
	"DELTA EQUAL TO":                                      0x225c,
	"EQUAL TO BY DEFINITION":                              0x225d,
	"MEASURED BY":                                         0x225e,
	"QUESTIONED EQUAL TO":                                 0x225f,
	"NOT EQUAL TO":                                        0x2260,
	"IDENTICAL TO":                                        0x2261,
	"NOT IDENTICAL TO":                                    0x2262,
	"STRICTLY EQUIVALENT TO":                              0x2263,
	"LESS-THAN OR EQUAL TO":                               0x2264,
	"GREATER-THAN OR EQUAL TO":                            0x2265,
	"LESS-THAN OVER EQUAL TO":                             0x2266,
	"GREATER-THAN OVER EQUAL TO":                          0x2267,
	"LESS-THAN BUT NOT EQUAL TO":                          0x2268,
	"GREATER-THAN BUT NOT EQUAL TO":                       0x2269,
	"MUCH LESS-THAN":                                      0x226a,
	"MUCH GREATER-THAN":                                   0x226b,
	"BETWEEN":                                             0x226c,
	"NOT EQUIVALENT TO":                                   0x226d,
	"NOT LESS-THAN":                                       0x226e,
	"NOT GREATER-THAN":                                    0x226f,
	"NEITHER LESS-THAN NOR EQUAL TO":                      0x2270,
	"NEITHER GREATER-THAN NOR EQUAL TO":                   0x2271,
	"LESS-THAN OR EQUIVALENT TO":                          0x2272,
	"GREATER-THAN OR EQUIVALENT TO":                       0x2273,
	"NEITHER LESS-THAN NOR EQUIVALENT TO":                 0x2274,
	"NEITHER GREATER-THAN NOR EQUIVALENT TO":              0x2275,
	"LESS-THAN OR GREATER-THAN":                           0x2276,
	"GREATER-THAN OR LESS-THAN":                           0x2277,
	"NEITHER LESS-THAN NOR GREATER-THAN":                  0x2278,
	"NEITHER GREATER-THAN NOR LESS-THAN":                  0x2279,
	"PRECEDES":                                            0x227a,
	"SUCCEEDS":                                            0x227b,
	"PRECEDES OR EQUAL TO":                                0x227c,
	"SUCCEEDS OR EQUAL TO":                                0x227d,
	"PRECEDES OR EQUIVALENT TO":                           0x227e,
	"SUCCEEDS OR EQUIVALENT TO":                           0x227f,
	"DOES NOT PRECEDE":                                    0x2280,
	"DOES NOT SUCCEED":                                    0x2281,
	"SUBSET OF":                                           0x2282,
	"SUPERSET OF":                                         0x2283,
	"NOT A SUBSET OF":                                     0x2284,
	"NOT A SUPERSET OF":                                   0x2285,
	"SUBSET OF OR EQUAL TO":                               0x2286,
	"SUPERSET OF OR EQUAL TO":                             0x2287,
	"NEITHER A SUBSET OF NOR EQUAL TO":                    0x2288,
	"NEITHER A SUPERSET OF NOR EQUAL TO":                  0x2289,
	"SUBSET OF WITH NOT EQUAL TO":                         0x228a,
	"SUPERSET OF WITH NOT EQUAL TO":                       0x228b,
	"MULTISET":                                            0x228c,
	"MULTISET MULTIPLICATION":                             0x228d,
	"MULTISET UNION":                                      0x228e,
	"SQUARE IMAGE OF":                                     0x228f,
	"SQUARE ORIGINAL OF":                                  0x2290,
	"SQUARE IMAGE OF OR EQUAL TO":                         0x2291,
	"SQUARE ORIGINAL OF OR EQUAL TO":                      0x2292,
	"SQUARE CAP":                                          0x2293,
	"SQUARE CUP":                                          0x2294,
	"CIRCLED PLUS":                                        0x2295,
	"CIRCLED MINUS":                                       0x2296,
	"CIRCLED TIMES":                                       0x2297,
	"CIRCLED DIVISION SLASH":                              0x2298,
	"CIRCLED DOT OPERATOR":                                0x2299,
	"CIRCLED RING OPERATOR":                               0x229a,
	"CIRCLED ASTERISK OPERATOR":                           0x229b,
	"CIRCLED EQUALS":                                      0x229c,
	"CIRCLED DASH":                                        0x229d,
	"SQUARED PLUS":                                        0x229e,
	"SQUARED MINUS":                                       0x229f,
	"SQUARED TIMES":                                       0x22a0,
	"SQUARED DOT OPERATOR":                                0x22a1,
	"RIGHT TACK":                                          0x22a2,
	"LEFT TACK":                                           0x22a3,
	"DOWN TACK":                                           0x22a4,
	"UP TACK":                                             0x22a5,
	"ASSERTION":                                           0x22a6,
	"MODELS":                                              0x22a7,
	"TRUE":                                                0x22a8,
	"FORCES":                                              0x22a9,
	"TRIPLE VERTICAL BAR RIGHT TURNSTILE":                 0x22aa,
	"DOUBLE VERTICAL BAR DOUBLE RIGHT TURNSTILE":          0x22ab,
	"DOES NOT PROVE":                                      0x22ac,
	"NOT TRUE":                                            0x22ad,
	"DOES NOT FORCE":                                      0x22ae,
	"NEGATED DOUBLE VERTICAL BAR DOUBLE RIGHT TURNSTILE": 0x22af,
	"PRECEDES UNDER RELATION":                            0x22b0,
	"SUCCEEDS UNDER RELATION":                            0x22b1,
	"NORMAL SUBGROUP OF":                                 0x22b2,
	"CONTAINS AS NORMAL SUBGROUP":                        0x22b3,
	"NORMAL SUBGROUP OF OR EQUAL TO":                     0x22b4,
	"CONTAINS AS NORMAL SUBGROUP OR EQUAL TO":            0x22b5,
	"ORIGINAL OF":                                        0x22b6,
	"IMAGE OF":                                           0x22b7,
	"MULTIMAP":                                           0x22b8,
	"HERMITIAN CONJUGATE MATRIX":                         0x22b9,
	"INTERCALATE":                                        0x22ba,
	"XOR":                                                0x22bb,
	"NAND":                                               0x22bc,
	"NOR":                                                0x22bd,
	"RIGHT ANGLE WITH ARC":                               0x22be,
	"RIGHT TRIANGLE":                                     0x22bf,
	"N-ARY LOGICAL AND":                                  0x22c0,
	"N-ARY LOGICAL OR":                                   0x22c1,
	"N-ARY INTERSECTION":                                 0x22c2,
	"N-ARY UNION":                                        0x22c3,
	"DIAMOND OPERATOR":                                   0x22c4,
	"DOT OPERATOR":                                       0x22c5,
	"STAR OPERATOR":                                      0x22c6,
	"DIVISION TIMES":                                     0x22c7,
	"BOWTIE":                                             0x22c8,
	"LEFT NORMAL FACTOR SEMIDIRECT PRODUCT":              0x22c9,
	"RIGHT NORMAL FACTOR SEMIDIRECT PRODUCT":             0x22ca,
	"LEFT SEMIDIRECT PRODUCT":                            0x22cb,
	"RIGHT SEMIDIRECT PRODUCT":                           0x22cc,
	"REVERSED TILDE EQUALS":                              0x22cd,
	"CURLY LOGICAL OR":                                   0x22ce,
	"CURLY LOGICAL AND":                                  0x22cf,
	"DOUBLE SUBSET":                                      0x22d0,
	"DOUBLE SUPERSET":                                    0x22d1,
	"DOUBLE INTERSECTION":                                0x22d2,
	"DOUBLE UNION":                                       0x22d3,
	"PITCHFORK":                                          0x22d4,
	"EQUAL AND PARALLEL TO":                              0x22d5,
	"LESS-THAN WITH DOT":                                 0x22d6,
	"GREATER-THAN WITH DOT":                              0x22d7,
	"VERY MUCH LESS-THAN":                                0x22d8,
	"VERY MUCH GREATER-THAN":                             0x22d9,
	"LESS-THAN EQUAL TO OR GREATER-THAN":                 0x22da,
	"GREATER-THAN EQUAL TO OR LESS-THAN":                 0x22db,
	"EQUAL TO OR LESS-THAN":                              0x22dc,
	"EQUAL TO OR GREATER-THAN":                           0x22dd,
	"EQUAL TO OR PRECEDES":                               0x22de,
	"EQUAL TO OR SUCCEEDS":                               0x22df,
	"DOES NOT PRECEDE OR EQUAL":                          0x22e0,
	"DOES NOT SUCCEED OR EQUAL":                          0x22e1,
	"NOT SQUARE IMAGE OF OR EQUAL TO":                    0x22e2,
	"NOT SQUARE ORIGINAL OF OR EQUAL TO":                 0x22e3,
	"SQUARE IMAGE OF OR NOT EQUAL TO":                    0x22e4,
	"SQUARE ORIGINAL OF OR NOT EQUAL TO":                 0x22e5,
	"LESS-THAN BUT NOT EQUIVALENT TO":                    0x22e6,
	"GREATER-THAN BUT NOT EQUIVALENT TO":                 0x22e7,
	"PRECEDES BUT NOT EQUIVALENT TO":                     0x22e8,
	"SUCCEEDS BUT NOT EQUIVALENT TO":                     0x22e9,
	"NOT NORMAL SUBGROUP OF":                             0x22ea,
	"DOES NOT CONTAIN AS NORMAL SUBGROUP":                0x22eb,
	"NOT NORMAL SUBGROUP OF OR EQUAL TO":                 0x22ec,
	"DOES NOT CONTAIN AS NORMAL SUBGROUP OR EQUAL":       0x22ed,
	"VERTICAL ELLIPSIS":                                  0x22ee,
	"MIDLINE HORIZONTAL ELLIPSIS":                        0x22ef,
	"UP RIGHT DIAGONAL ELLIPSIS":                         0x22f0,
	"DOWN RIGHT DIAGONAL ELLIPSIS":                       0x22f1,
	"ELEMENT OF WITH LONG HORIZONTAL STROKE":             0x22f2,
	"ELEMENT OF WITH VERTICAL BAR AT END OF HORIZONTAL STROKE":       0x22f3,
	"SMALL ELEMENT OF WITH VERTICAL BAR AT END OF HORIZONTAL STROKE": 0x22f4,
	"ELEMENT OF WITH DOT ABOVE":                                      0x22f5,
	"ELEMENT OF WITH OVERBAR":                                        0x22f6,
	"SMALL ELEMENT OF WITH OVERBAR":                                  0x22f7,
	"ELEMENT OF WITH UNDERBAR":                                       0x22f8,
	"ELEMENT OF WITH TWO HORIZONTAL STROKES":                         0x22f9,
	"CONTAINS WITH LONG HORIZONTAL STROKE":                           0x22fa,
	"CONTAINS WITH VERTICAL BAR AT END OF HORIZONTAL STROKE":         0x22fb,
	"SMALL CONTAINS WITH VERTICAL BAR AT END OF HORIZONTAL STROKE":   0x22fc,
	"CONTAINS WITH OVERBAR":                                          0x22fd,
	"SMALL CONTAINS WITH OVERBAR":                                    0x22fe,
	"Z NOTATION BAG MEMBERSHIP":                                      0x22ff,
	"BOX DRAWINGS LIGHT HORIZONTAL":                                  0x2500,
	"BOX DRAWINGS HEAVY HORIZONTAL":                                  0x2501,
	"BOX DRAWINGS LIGHT VERTICAL":                                    0x2502,
	"BOX DRAWINGS HEAVY VERTICAL":                                    0x2503,
	"BOX DRAWINGS LIGHT TRIPLE DASH HORIZONTAL":                      0x2504,
	"BOX DRAWINGS HEAVY TRIPLE DASH HORIZONTAL":                      0x2505,
	"BOX DRAWINGS LIGHT TRIPLE DASH VERTICAL":                        0x2506,
	"BOX DRAWINGS HEAVY TRIPLE DASH VERTICAL":                        0x2507,
	"BOX DRAWINGS LIGHT QUADRUPLE DASH HORIZONTAL":                   0x2508,
	"BOX DRAWINGS HEAVY QUADRUPLE DASH HORIZONTAL":                   0x2509,
	"BOX DRAWINGS LIGHT QUADRUPLE DASH VERTICAL":                     0x250a,
	"BOX DRAWINGS HEAVY QUADRUPLE DASH VERTICAL":                     0x250b,
	"BOX DRAWINGS LIGHT DOWN AND RIGHT":                              0x250c,
	"BOX DRAWINGS DOWN LIGHT AND RIGHT HEAVY":                        0x250d,
	"BOX DRAWINGS DOWN HEAVY AND RIGHT LIGHT":                        0x250e,
	"BOX DRAWINGS HEAVY DOWN AND RIGHT":                              0x250f,
	"BOX DRAWINGS LIGHT DOWN AND LEFT":                               0x2510,
	"BOX DRAWINGS DOWN LIGHT AND LEFT HEAVY":                         0x2511,
	"BOX DRAWINGS DOWN HEAVY AND LEFT LIGHT":                         0x2512,
	"BOX DRAWINGS HEAVY DOWN AND LEFT":                               0x2513,
	"BOX DRAWINGS LIGHT UP AND RIGHT":                                0x2514,
	"BOX DRAWINGS UP LIGHT AND RIGHT HEAVY":                          0x2515,
	"BOX DRAWINGS UP HEAVY AND RIGHT LIGHT":                          0x2516,
	"BOX DRAWINGS HEAVY UP AND RIGHT":                                0x2517,
	"BOX DRAWINGS LIGHT UP AND LEFT":                                 0x2518,
	"BOX DRAWINGS UP LIGHT AND LEFT HEAVY":                           0x2519,
	"BOX DRAWINGS UP HEAVY AND LEFT LIGHT":                           0x251a,
	"BOX DRAWINGS HEAVY UP AND LEFT":                                 0x251b,
	"BOX DRAWINGS LIGHT VERTICAL AND RIGHT":                          0x251c,
	"BOX DRAWINGS VERTICAL LIGHT AND RIGHT HEAVY":                    0x251d,
	"BOX DRAWINGS UP HEAVY AND RIGHT DOWN LIGHT":                     0x251e,
	"BOX DRAWINGS DOWN HEAVY AND RIGHT UP LIGHT":                     0x251f,
	"BOX DRAWINGS VERTICAL HEAVY AND RIGHT LIGHT":                    0x2520,
	"BOX DRAWINGS DOWN LIGHT AND RIGHT UP HEAVY":                     0x2521,
	"BOX DRAWINGS UP LIGHT AND RIGHT DOWN HEAVY":                     0x2522,
	"BOX DRAWINGS HEAVY VERTICAL AND RIGHT":                          0x2523,
	"BOX DRAWINGS LIGHT VERTICAL AND LEFT":                           0x2524,
	"BOX DRAWINGS VERTICAL LIGHT AND LEFT HEAVY":                     0x2525,
	"BOX DRAWINGS UP HEAVY AND LEFT DOWN LIGHT":                      0x2526,
	"BOX DRAWINGS DOWN HEAVY AND LEFT UP LIGHT":                      0x2527,
	"BOX DRAWINGS VERTICAL HEAVY AND LEFT LIGHT":                     0x2528,
	"BOX DRAWINGS DOWN LIGHT AND LEFT UP HEAVY":                      0x2529,
	"BOX DRAWINGS UP LIGHT AND LEFT DOWN HEAVY":                      0x252a,
	"BOX DRAWINGS HEAVY VERTICAL AND LEFT":                           0x252b,
	"BOX DRAWINGS LIGHT DOWN AND HORIZONTAL":                         0x252c,
	"BOX DRAWINGS LEFT HEAVY AND RIGHT DOWN LIGHT":                   0x252d,
	"BOX DRAWINGS RIGHT HEAVY AND LEFT DOWN LIGHT":                   0x252e,
	"BOX DRAWINGS DOWN LIGHT AND HORIZONTAL HEAVY":                   0x252f,
	"BOX DRAWINGS DOWN HEAVY AND HORIZONTAL LIGHT":                   0x2530,
	"BOX DRAWINGS RIGHT LIGHT AND LEFT DOWN HEAVY":                   0x2531,
	"BOX DRAWINGS LEFT LIGHT AND RIGHT DOWN HEAVY":                   0x2532,
	"BOX DRAWINGS HEAVY DOWN AND HORIZONTAL":                         0x2533,
	"BOX DRAWINGS LIGHT UP AND HORIZONTAL":                           0x2534,
	"BOX DRAWINGS LEFT HEAVY AND RIGHT UP LIGHT":                     0x2535,
	"BOX DRAWINGS RIGHT HEAVY AND LEFT UP LIGHT":                     0x2536,
	"BOX DRAWINGS UP LIGHT AND HORIZONTAL HEAVY":                     0x2537,
	"BOX DRAWINGS UP HEAVY AND HORIZONTAL LIGHT":                     0x2538,
	"BOX DRAWINGS RIGHT LIGHT AND LEFT UP HEAVY":                     0x2539,
	"BOX DRAWINGS LEFT LIGHT AND RIGHT UP HEAVY":                     0x253a,
	"BOX DRAWINGS HEAVY UP AND HORIZONTAL":                           0x253b,
	"BOX DRAWINGS LIGHT VERTICAL AND HORIZONTAL":                     0x253c,
	"BOX DRAWINGS LEFT HEAVY AND RIGHT VERTICAL LIGHT":               0x253d,
	"BOX DRAWINGS RIGHT HEAVY AND LEFT VERTICAL LIGHT":               0x253e,
	"BOX DRAWINGS VERTICAL LIGHT AND HORIZONTAL HEAVY":               0x253f,
	"BOX DRAWINGS UP HEAVY AND DOWN HORIZONTAL LIGHT":                0x2540,
	"BOX DRAWINGS DOWN HEAVY AND UP HORIZONTAL LIGHT":                0x2541,
	"BOX DRAWINGS VERTICAL HEAVY AND HORIZONTAL LIGHT":               0x2542,
	"BOX DRAWINGS LEFT UP HEAVY AND RIGHT DOWN LIGHT":                0x2543,
	"BOX DRAWINGS RIGHT UP HEAVY AND LEFT DOWN LIGHT":                0x2544,
	"BOX DRAWINGS LEFT DOWN HEAVY AND RIGHT UP LIGHT":                0x2545,
	"BOX DRAWINGS RIGHT DOWN HEAVY AND LEFT UP LIGHT":                0x2546,
	"BOX DRAWINGS DOWN LIGHT AND UP HORIZONTAL HEAVY":                0x2547,
	"BOX DRAWINGS UP LIGHT AND DOWN HORIZONTAL HEAVY":                0x2548,
	"BOX DRAWINGS RIGHT LIGHT AND LEFT VERTICAL HEAVY":               0x2549,
	"BOX DRAWINGS LEFT LIGHT AND RIGHT VERTICAL HEAVY":               0x254a,
	"BOX DRAWINGS HEAVY VERTICAL AND HORIZONTAL":                     0x254b,
	"BOX DRAWINGS LIGHT DOUBLE DASH HORIZONTAL":                      0x254c,
	"BOX DRAWINGS HEAVY DOUBLE DASH HORIZONTAL":                      0x254d,
	"BOX DRAWINGS LIGHT DOUBLE DASH VERTICAL":                        0x254e,
	"BOX DRAWINGS HEAVY DOUBLE DASH VERTICAL":                        0x254f,
	"BOX DRAWINGS DOUBLE HORIZONTAL":                                 0x2550,
	"BOX DRAWINGS DOUBLE VERTICAL":                                   0x2551,
	"BOX DRAWINGS DOWN SINGLE AND RIGHT DOUBLE":                      0x2552,
	"BOX DRAWINGS DOWN DOUBLE AND RIGHT SINGLE":                      0x2553,
	"BOX DRAWINGS DOUBLE DOWN AND RIGHT":                             0x2554,
	"BOX DRAWINGS DOWN SINGLE AND LEFT DOUBLE":                       0x2555,
	"BOX DRAWINGS DOWN DOUBLE AND LEFT SINGLE":                       0x2556,
	"BOX DRAWINGS DOUBLE DOWN AND LEFT":                              0x2557,
	"BOX DRAWINGS UP SINGLE AND RIGHT DOUBLE":                        0x2558,
	"BOX DRAWINGS UP DOUBLE AND RIGHT SINGLE":                        0x2559,
	"BOX DRAWINGS DOUBLE UP AND RIGHT":                               0x255a,
	"BOX DRAWINGS UP SINGLE AND LEFT DOUBLE":                         0x255b,
	"BOX DRAWINGS UP DOUBLE AND LEFT SINGLE":                         0x255c,
	"BOX DRAWINGS DOUBLE UP AND LEFT":                                0x255d,
	"BOX DRAWINGS VERTICAL SINGLE AND RIGHT DOUBLE":                  0x255e,
	"BOX DRAWINGS VERTICAL DOUBLE AND RIGHT SINGLE":                  0x255f,
	"BOX DRAWINGS DOUBLE VERTICAL AND RIGHT":                         0x2560,
	"BOX DRAWINGS VERTICAL SINGLE AND LEFT DOUBLE":                   0x2561,
	"BOX DRAWINGS VERTICAL DOUBLE AND LEFT SINGLE":                   0x2562,
	"BOX DRAWINGS DOUBLE VERTICAL AND LEFT":                          0x2563,
	"BOX DRAWINGS DOWN SINGLE AND HORIZONTAL DOUBLE":                 0x2564,
	"BOX DRAWINGS DOWN DOUBLE AND HORIZONTAL SINGLE":                 0x2565,
	"BOX DRAWINGS DOUBLE DOWN AND HORIZONTAL":                        0x2566,
	"BOX DRAWINGS UP SINGLE AND HORIZONTAL DOUBLE":                   0x2567,
	"BOX DRAWINGS UP DOUBLE AND HORIZONTAL SINGLE":                   0x2568,
	"BOX DRAWINGS DOUBLE UP AND HORIZONTAL":                          0x2569,
	"BOX DRAWINGS VERTICAL SINGLE AND HORIZONTAL DOUBLE":             0x256a,
	"BOX DRAWINGS VERTICAL DOUBLE AND HORIZONTAL SINGLE":             0x256b,
	"BOX DRAWINGS DOUBLE VERTICAL AND HORIZONTAL":                    0x256c,
	"BOX DRAWINGS LIGHT ARC DOWN AND RIGHT":                          0x256d,
	"BOX DRAWINGS LIGHT ARC DOWN AND LEFT":                           0x256e,
	"BOX DRAWINGS LIGHT ARC UP AND LEFT":                             0x256f,
	"BOX DRAWINGS LIGHT ARC UP AND RIGHT":                            0x2570,
	"BOX DRAWINGS LIGHT DIAGONAL UPPER RIGHT TO LOWER LEFT":          0x2571,
	"BOX DRAWINGS LIGHT DIAGONAL UPPER LEFT TO LOWER RIGHT":          0x2572,
	"BOX DRAWINGS LIGHT DIAGONAL CROSS":                              0x2573,
	"BOX DRAWINGS LIGHT LEFT":                                        0x2574,
	"BOX DRAWINGS LIGHT UP":                                          0x2575,
	"BOX DRAWINGS LIGHT RIGHT":                                       0x2576,
	"BOX DRAWINGS LIGHT DOWN":                                        0x2577,
	"BOX DRAWINGS HEAVY LEFT":                                        0x2578,
	"BOX DRAWINGS HEAVY UP":                                          0x2579,
	"BOX DRAWINGS HEAVY RIGHT":                                       0x257a,
	"BOX DRAWINGS HEAVY DOWN":                                        0x257b,
	"BOX DRAWINGS LIGHT LEFT AND HEAVY RIGHT":                        0x257c,
	"BOX DRAWINGS LIGHT UP AND HEAVY DOWN":                           0x257d,
	"BOX DRAWINGS HEAVY LEFT AND LIGHT RIGHT":                        0x257e,
	"BOX DRAWINGS HEAVY UP AND LIGHT DOWN":                           0x257f,
	"UPPER HALF BLOCK":                                               0x2580,
	"LOWER ONE EIGHTH BLOCK":                                         0x2581,
	"LOWER ONE QUARTER BLOCK":                                        0x2582,
	"LOWER THREE EIGHTHS BLOCK":                                      0x2583,
	"LOWER HALF BLOCK":                                               0x2584,
	"LOWER FIVE EIGHTHS BLOCK":                                       0x2585,
	"LOWER THREE QUARTERS BLOCK":                                     0x2586,
	"LOWER SEVEN EIGHTHS BLOCK":                                      0x2587,
	"FULL BLOCK":                                                     0x2588,
	"LEFT SEVEN EIGHTHS BLOCK":                                       0x2589,
	"LEFT THREE QUARTERS BLOCK":                                      0x258a,
	"LEFT FIVE EIGHTHS BLOCK":                                        0x258b,
	"LEFT HALF BLOCK":                                                0x258c,
	"LEFT THREE EIGHTHS BLOCK":                                       0x258d,
	"LEFT ONE QUARTER BLOCK":                                         0x258e,
	"LEFT ONE EIGHTH BLOCK":                                          0x258f,
	"RIGHT HALF BLOCK":                                               0x2590,
	"LIGHT SHADE":                                                    0x2591,
	"MEDIUM SHADE":                                                   0x2592,
	"DARK SHADE":                                                     0x2593,
	"UPPER ONE EIGHTH BLOCK":                                         0x2594,
	"RIGHT ONE EIGHTH BLOCK":                                         0x2595,
	"QUADRANT LOWER LEFT":                                            0x2596,
	"QUADRANT LOWER RIGHT":                                           0x2597,
	"QUADRANT UPPER LEFT":                                            0x2598,
	"QUADRANT UPPER LEFT AND LOWER LEFT AND LOWER RIGHT":             0x2599,
	"QUADRANT UPPER LEFT AND LOWER RIGHT":                            0x259a,
	"QUADRANT UPPER LEFT AND UPPER RIGHT AND LOWER LEFT":             0x259b,
	"QUADRANT UPPER LEFT AND UPPER RIGHT AND LOWER RIGHT":            0x259c,
	"QUADRANT UPPER RIGHT":                                           0x259d,
	"QUADRANT UPPER RIGHT AND LOWER LEFT":                            0x259e,
	"QUADRANT UPPER RIGHT AND LOWER LEFT AND LOWER RIGHT":            0x259f,
	"BLACK SQUARE":                                 0x25a0,
	"WHITE SQUARE":                                 0x25a1,
	"WHITE SQUARE WITH ROUNDED CORNERS":            0x25a2,
	"WHITE SQUARE CONTAINING BLACK SMALL SQUARE":   0x25a3,
	"SQUARE WITH HORIZONTAL FILL":                  0x25a4,
	"SQUARE WITH VERTICAL FILL":                    0x25a5,
	"SQUARE WITH ORTHOGONAL CROSSHATCH FILL":       0x25a6,
	"SQUARE WITH UPPER LEFT TO LOWER RIGHT FILL":   0x25a7,
	"SQUARE WITH UPPER RIGHT TO LOWER LEFT FILL":   0x25a8,
	"SQUARE WITH DIAGONAL CROSSHATCH FILL":         0x25a9,
	"BLACK SMALL SQUARE":                           0x25aa,
	"WHITE SMALL SQUARE":                           0x25ab,
	"BLACK RECTANGLE":                              0x25ac,
	"WHITE RECTANGLE":                              0x25ad,
	"BLACK VERTICAL RECTANGLE":                     0x25ae,
	"WHITE VERTICAL RECTANGLE":                     0x25af,
	"BLACK PARALLELOGRAM":                          0x25b0,
	"WHITE PARALLELOGRAM":                          0x25b1,
	"BLACK UP-POINTING TRIANGLE":                   0x25b2,
	"WHITE UP-POINTING TRIANGLE":                   0x25b3,
	"BLACK UP-POINTING SMALL TRIANGLE":             0x25b4,
	"WHITE UP-POINTING SMALL TRIANGLE":             0x25b5,
	"BLACK RIGHT-POINTING TRIANGLE":                0x25b6,
	"WHITE RIGHT-POINTING TRIANGLE":                0x25b7,
	"BLACK RIGHT-POINTING SMALL TRIANGLE":          0x25b8,
	"WHITE RIGHT-POINTING SMALL TRIANGLE":          0x25b9,
	"BLACK RIGHT-POINTING POINTER":                 0x25ba,
	"WHITE RIGHT-POINTING POINTER":                 0x25bb,
	"BLACK DOWN-POINTING TRIANGLE":                 0x25bc,
	"WHITE DOWN-POINTING TRIANGLE":                 0x25bd,
	"BLACK DOWN-POINTING SMALL TRIANGLE":           0x25be,
	"WHITE DOWN-POINTING SMALL TRIANGLE":           0x25bf,
	"BLACK LEFT-POINTING TRIANGLE":                 0x25c0,
	"WHITE LEFT-POINTING TRIANGLE":                 0x25c1,
	"BLACK LEFT-POINTING SMALL TRIANGLE":           0x25c2,
	"WHITE LEFT-POINTING SMALL TRIANGLE":           0x25c3,
	"BLACK LEFT-POINTING POINTER":                  0x25c4,
	"WHITE LEFT-POINTING POINTER":                  0x25c5,
	"BLACK DIAMOND":                                0x25c6,
	"WHITE DIAMOND":                                0x25c7,
	"WHITE DIAMOND CONTAINING BLACK SMALL DIAMOND": 0x25c8,
	"FISHEYE":                                       0x25c9,
	"LOZENGE":                                       0x25ca,
	"WHITE CIRCLE":                                  0x25cb,
	"DOTTED CIRCLE":                                 0x25cc,
	"CIRCLE WITH VERTICAL FILL":                     0x25cd,
	"BULLSEYE":                                      0x25ce,
	"BLACK CIRCLE":                                  0x25cf,
	"CIRCLE WITH LEFT HALF BLACK":                   0x25d0,
	"CIRCLE WITH RIGHT HALF BLACK":                  0x25d1,
	"CIRCLE WITH LOWER HALF BLACK":                  0x25d2,
	"CIRCLE WITH UPPER HALF BLACK":                  0x25d3,
	"CIRCLE WITH UPPER RIGHT QUADRANT BLACK":        0x25d4,
	"CIRCLE WITH ALL BUT UPPER LEFT QUADRANT BLACK": 0x25d5,
	"LEFT HALF BLACK CIRCLE":                        0x25d6,
	"RIGHT HALF BLACK CIRCLE":                       0x25d7,
	"INVERSE BULLET":                                0x25d8,
	"INVERSE WHITE CIRCLE":                          0x25d9,
	"UPPER HALF INVERSE WHITE CIRCLE":               0x25da,
	"LOWER HALF INVERSE WHITE CIRCLE":               0x25db,
	"UPPER LEFT QUADRANT CIRCULAR ARC":              0x25dc,
	"UPPER RIGHT QUADRANT CIRCULAR ARC":             0x25dd,
	"LOWER RIGHT QUADRANT CIRCULAR ARC":             0x25de,
	"LOWER LEFT QUADRANT CIRCULAR ARC":              0x25df,
	"UPPER HALF CIRCLE":                             0x25e0,
	"LOWER HALF CIRCLE":                             0x25e1,
	"BLACK LOWER RIGHT TRIANGLE":                    0x25e2,
	"BLACK LOWER LEFT TRIANGLE":                     0x25e3,
	"BLACK UPPER LEFT TRIANGLE":                     0x25e4,
	"BLACK UPPER RIGHT TRIANGLE":                    0x25e5,
	"WHITE BULLET":                                  0x25e6,
	"SQUARE WITH LEFT HALF BLACK":                   0x25e7,
	"SQUARE WITH RIGHT HALF BLACK":                  0x25e8,
	"SQUARE WITH UPPER LEFT DIAGONAL HALF BLACK":    0x25e9,
	"SQUARE WITH LOWER RIGHT DIAGONAL HALF BLACK":   0x25ea,
	"WHITE SQUARE WITH VERTICAL BISECTING LINE":     0x25eb,
	"WHITE UP-POINTING TRIANGLE WITH DOT":           0x25ec,
	"UP-POINTING TRIANGLE WITH LEFT HALF BLACK":     0x25ed,
	"UP-POINTING TRIANGLE WITH RIGHT HALF BLACK":    0x25ee,
	"LARGE CIRCLE":                                  0x25ef,
	"WHITE SQUARE WITH UPPER LEFT QUADRANT":         0x25f0,
	"WHITE SQUARE WITH LOWER LEFT QUADRANT":         0x25f1,
	"WHITE SQUARE WITH LOWER RIGHT QUADRANT":        0x25f2,
	"WHITE SQUARE WITH UPPER RIGHT QUADRANT":        0x25f3,
	"WHITE CIRCLE WITH UPPER LEFT QUADRANT":         0x25f4,
	"WHITE CIRCLE WITH LOWER LEFT QUADRANT":         0x25f5,
	"WHITE CIRCLE WITH LOWER RIGHT QUADRANT":        0x25f6,
	"WHITE CIRCLE WITH UPPER RIGHT QUADRANT":        0x25f7,
	"UPPER LEFT TRIANGLE":                           0x25f8,
	"UPPER RIGHT TRIANGLE":                          0x25f9,
	"LOWER LEFT TRIANGLE":                           0x25fa,
	"WHITE MEDIUM SQUARE":                           0x25fb,
	"BLACK MEDIUM SQUARE":                           0x25fc,
	"WHITE MEDIUM SMALL SQUARE":                     0x25fd,
	"BLACK MEDIUM SMALL SQUARE":                     0x25fe,
	"LOWER RIGHT TRIANGLE":                          0x25ff,
	"NULL":                                          0x0,
	"CHARACTER TABULATION":                          0x9,
	"LINE FEED":                                     0xa,
	"LINE TABULATION":                               0xb,
	"FORM FEED":                                     0xc,
	"CARRIAGE RETURN":                               0xd,
	"ESCAPE":                                        0x1b,
	"DELETE":                                        0x7f,
	"TAB":                                           0x9,
	"LF":                                            0xa,
	"CR":                                            0xd,
	"NUL":                                           0x0,
	"ESC":                                           0x1b,
	"DEL":                                           0x7f,
	"NBSP":                                          0xa0,
	"SP":                                            0x20,
	"VT":                                            0xb,
	"FF":                                            0xc,
	"NEW LINE":                                      0xa,
	"END OF LINE":                                   0xa,
	"BACKSPACE":                                     0x8,
	"BELL":                                          0x1f514,
	"ALERT":                                         0x7,
	"BYTE ORDER MARK":                               0xfeff,
	"BOM":                                           0xfeff,
	"ZWSP":                                          0x200b,
	"ZWNJ":                                          0x200c,
	"ZWJ":                                           0x200d,
}
